id,title,organizational unit,date,iranTime
1,تغییر در درخواست,CU,2021-08-24,02/06/1400
2,جا به جایی انشعاب,CU,2021-08-24,02/06/1400
3,معافیت خرید مستقیم,CU,2021-08-24,02/06/1400
4,نصب انشعاب,CU,2021-08-24,02/06/1400
5,تغییر نام,CU,2021-08-24,02/06/1400
6,خطا در کد ملی,CU,2021-08-24,02/06/1400
7,درخواست,CU,2021-08-24,02/06/1400
8,خرید کنتور توسط متقاضی,CU,2021-08-24,02/06/1400
9,تعویض لوازم,CU,2021-08-24,02/06/1400
10,جا به جایی انشعاب,CU,2021-08-24,02/06/1400
11,خطای عدم وجود اطلاعات,CU,2021-08-24,02/06/1400
12,تغییر تلفن,CU,2021-08-25,03/06/1400
13,تغییرات قدرت درخواست,CU,2021-08-25,03/06/1400
14,عدم تغییر در پیمانکار,CU,2021-08-25,03/06/1400
27,موجودی ناحیه,CU,2021-08-28,06/06/1400
28,کمسیون طرح,CU,2021-08-28,06/06/1400
29,تایید خرید کنتور,CU,2021-08-28,06/06/1400
30,خطای افزایش,CU,2021-08-28,06/06/1400
31,تایید هزینه انشعاب,CU,2021-08-28,06/06/1400
32,فیش هزینه انشعاب,CU,2021-08-28,06/06/1400
33,خطای عدم وجود اطلاعات,CU,2021-08-28,06/06/1400
34,تغییر نام انشعاب,CU,2021-08-29,07/06/1400
35,ثبت,CU,2021-08-29,07/06/1400
36,توافق نامه,CU,2021-08-29,07/06/1400
37,جا به جایی انشعاب,CU,2021-08-29,07/06/1400
38,معافیت خرید مستقیم,CU,2021-08-29,07/06/1400
39,تایید خرید کنتور,CU,2021-08-29,07/06/1400
40,نصب درخواست,CU,2021-08-29,07/06/1400
41,موجودی ناحیه,CU,2021-08-29,07/06/1400
42,درخواست تغییر نام انشعاب درخواستی,CU,2021-08-30,08/06/1400
43,جابه جایی کنتور,CU,2021-08-30,08/06/1400
44,تغییر در درخواست,CU,2021-08-30,08/06/1400
45,خطای کد ملی,CU,2021-08-30,08/06/1400
46,تایید خرید,CU,2021-08-30,08/06/1400
47,متقاضی تعهد شرکت,CU,2021-08-30,08/06/1400
48,نصب کنتور,CU,2021-08-30,08/06/1400
49,جمع آوری هزینه انشعاب,CU,2021-08-31,09/06/1400
50,درخواست کابل,CU,2021-08-31,09/06/1400
51,تغییر نماینده,CU,2021-08-31,09/06/1400
52,ثبت نماینده,CU,2021-08-31,09/06/1400
53,عدم امکان ارسال به نصب,CU,2021-08-31,09/06/1400
54,جمع آوری,CU,2021-08-31,09/06/1400
55,خطای ارسال نصب,CU,2021-08-31,09/06/1400
56,بازگشت وجه کنتور,CU,2021-08-31,09/06/1400
57,عدم تغییر در پیمانکار,CU,2021-09-01,10/06/1400
58,عدم امکان تغییر درخواست,CU,2021-09-01,10/06/1400
59,بازگشت هزینه کنتور,CU,2021-09-01,10/06/1400
60,کد ملی اشتباه,CU,2021-09-01,10/06/1400
61,تایید معافیت کنتور,CU,2021-09-01,10/06/1400
62,جمع آوری,CU,2021-09-01,10/06/1400
63,تغییر نام,CU,2021-09-01,10/06/1400
64,تایید خرید,CU,2021-09-01,10/06/1400
65,جمع آوری ,CU,2021-09-01,10/06/1400
66,کنتور خریداری شده,CU,2021-09-01,10/06/1400
67,تایید خرید کنتور,CU,2021-09-01,10/06/1400
68,جمع آوری,CU,2021-09-01,10/06/1400
69,تایید هزینه انشعاب,CU,2021-09-01,10/06/1400
79,خطای ثبت سابقه,CU,2021-09-04,13/06/1400
80,عدم موجودی کنتور,CU,2021-09-04,13/06/1400
81,کاهش آمپراژ,CU,2021-09-04,13/06/1400
82,تغییر نام,CU,2021-09-04,13/06/1400
83,شماره درخواست,CU,2021-09-04,13/06/1400
84,درخواست معافیت در خرید مستقیم,CU,2021-09-04,13/06/1400
85,درخواست تایید خرید,CU,2021-09-04,13/06/1400
86,تعویض لوازم,CU,2021-09-04,13/06/1400
87,جمع آوری,CU,2021-09-04,13/06/1400
88,خطا درخواست,CU,2021-09-04,13/06/1400
89,اصلاح فیش ,CU,2021-09-04,13/06/1400
90,خطای تلفن,CU,2021-09-05,14/06/1400
91,درخواست معافیت در خرید مستقیم,CU,2021-09-05,14/06/1400
92,عدم امکان ایجاد سابقه,CU,2021-09-05,14/06/1400
93,تغییر نام درخواست,CU,2021-09-06,15/06/1400
94,فیش هزینه انشعاب,CU,2021-09-06,15/06/1400
95,معافیت خرید مستقیم,CU,2021-09-06,15/06/1400
96,شماره درخواست,CU,2021-09-06,15/06/1400
97,درخواست تغییر نام,CU,2021-09-06,15/06/1400
98,کد ملی اشتباه,CU,2021-09-06,15/06/1400
99,عدم تغییر در پیمانکار,CU,2021-09-06,15/06/1400
100,کابل انشعاب,CU,2021-09-07,16/06/1400
101,تغییر شماره تلفن,CU,2021-09-07,16/06/1400
102,لینک خرید مستقیم,CU,2021-09-07,16/06/1400
103,جمع آوری هزینه انشعاب,CU,2021-09-07,16/06/1400
104,درخواست کابل,CU,2021-09-07,16/06/1400
105,جمع آوری درخواست,CU,2021-09-07,16/06/1400
106,درخواست,CU,2021-09-07,16/06/1400
107,لینک ارسال مستقیم,CU,2021-09-08,17/06/1400
108,نصب درخواست,CU,2021-09-08,17/06/1400
109,ثبت,CU,2021-09-08,17/06/1400
110,ثبت نماینده,CU,2021-09-08,17/06/1400
111,تغییرات قدرت درخواست,CU,2021-09-08,17/06/1400
112,نصب کنتور,CU,2021-09-08,17/06/1400
113,جابه جایی تجهیزات,CU,2021-09-08,17/06/1400
114,ثبت نماینده,CU,2021-09-08,17/06/1400
115,قیمت تجهیزات,CU,2021-09-08,17/06/1400
132,افزایش آمپراژ,CU,2021-09-11,20/06/1400
133,خطای ایجاد سابقه,CU,2021-09-11,20/06/1400
134,بازگشت وجه کنتور,CU,2021-09-11,20/06/1400
135,خطای افزایش,CU,2021-09-11,20/06/1400
136,عدم وجود کنتور,CU,2021-09-11,20/06/1400
137,عدم تغییر در پیمانکار,CU,2021-09-11,20/06/1400
138,موجودی ناحیه,CU,2021-09-12,21/06/1400
139,بازگشت وجه کنتور,CU,2021-09-12,21/06/1400
140,عدم امکان تغییر درخواست,CU,2021-09-12,21/06/1400
141,ثبت معافیت,CU,2021-09-12,21/06/1400
142,جابه جایی کنتور,CU,2021-09-12,21/06/1400
143,معافیت در پرداخت هزینه انشعاب,CU,2021-09-12,21/06/1400
144,تغییر شماره تلفن,CU,2021-09-12,21/06/1400
145,متقاضی خرید مستقیم,CU,2021-09-12,21/06/1400
146,جابه جایی تجهیزات,CU,2021-09-13,22/06/1400
147,تایید خرید کنتور,CU,2021-09-13,22/06/1400
148,تایید خرید,CU,2021-09-13,22/06/1400
149,نصب کنتور,CU,2021-09-13,22/06/1400
150,ثبت,CU,2021-09-13,22/06/1400
151,موجودی ناحیه,CU,2021-09-13,22/06/1400
152,تایید هزینه انشعاب,CU,2021-09-13,22/06/1400
153,بازگشت از خرید کنتور,CU,2021-09-13,22/06/1400
154,بایگانی درخواست,CU,2021-09-13,22/06/1400
155,عدم امکان ارسال به نصب,CU,2021-09-14,23/06/1400
156,درخواست تایید خرید,CU,2021-09-14,23/06/1400
157,کمیسون,CU,2021-09-14,23/06/1400
158,کمسیون طرح,CU,2021-09-14,23/06/1400
159,خرید کنتور,CU,2021-09-14,23/06/1400
160,درخواست کابل,CU,2021-09-14,23/06/1400
161,تغییرات درخواست,CU,2021-09-14,23/06/1400
162,تغییر در درخواست,CU,2021-09-15,24/06/1400
163,جمع آوری هزینه انشعاب,CU,2021-09-15,24/06/1400
164,تایید خرید کنتور,CU,2021-09-15,24/06/1400
165,تغییر نام انشعاب,CU,2021-09-15,24/06/1400
166,جابه جایی,CU,2021-09-15,24/06/1400
167,تایید خرید,CU,2021-09-15,24/06/1400
186,عدم ثبت اطلاعات تجهیز,CU,2021-09-18,27/06/1400
187,بازگشت از خرید کنتور,CU,2021-09-18,27/06/1400
188,نصب درخواست,CU,2021-09-18,27/06/1400
189,عدم امکان ایجاد سابقه,CU,2021-09-18,27/06/1400
190,خطای ثبت سابقه,CU,2021-09-18,27/06/1400
191,تایید خرید کنتور,CU,2021-09-18,27/06/1400
192,جابه جایی تجهیزات,CU,2021-09-18,27/06/1400
193,معافیت در پرداخت هزینه انشعاب,CU,2021-09-19,28/06/1400
194,کاهش آمپراژ,CU,2021-09-19,28/06/1400
195,عدم امکان ارسال لینک,CU,2021-09-19,28/06/1400
196,تغییر در درخواست,CU,2021-09-19,28/06/1400
197,درخواست تغییر نام,CU,2021-09-19,28/06/1400
198,تغییر نماینده,CU,2021-09-19,28/06/1400
199,عدم ثبت کد ملی,CU,2021-09-19,28/06/1400
200,عدم امکان ثبت درخواست تعویض,CU,2021-09-20,29/06/1400
201,تایید خرید کنتور,CU,2021-09-20,29/06/1400
202,عدم ثبت اطلاعات تجهیز,CU,2021-09-20,29/06/1400
203,معافیت خرید مستقیم,CU,2021-09-20,29/06/1400
204,معافیت خرید مستقیم,CU,2021-09-20,29/06/1400
205,لینک خرید مستقیم,CU,2021-09-20,29/06/1400
206,نصب درخواست,CU,2021-09-20,29/06/1400
207,بازگشت از خرید کنتور,CU,2021-09-21,30/06/1400
208,تغیییر کمیسیون,CU,2021-09-21,30/06/1400
209,معافیت خرید مستقیم,CU,2021-09-21,30/06/1400
210,اصلاح هزینه انشعاب,CU,2021-09-21,30/06/1400
211,تغییرات قدرت,CU,2021-09-22,31/06/1400
212,حذف درخواست,CU,2021-09-22,31/06/1400
213,عدم موجودی کنتور,CU,2021-09-22,31/06/1400
214,خطا درخواست,CU,2021-09-22,31/06/1400
215,تغییر نام,CU,2021-09-22,31/06/1400
216,تغییر نام انشعاب,CU,2021-09-22,31/06/1400
217,معافیت خرید مستقیم,CU,2021-09-22,31/06/1400
218,عدم ثبت درخواست,CU,2021-09-22,31/06/1400
233,انشعاب,CU,2021-09-25,03/07/1400
234,موجودی ناحیه,CU,2021-09-25,03/07/1400
235,خطای ایجاد سابقه,CU,2021-09-25,03/07/1400
236,خطای ارسال نصب,CU,2021-09-25,03/07/1400
237,عدم ثبت درخواست,CU,2021-09-25,03/07/1400
238,جمع آوری درخواست,CU,2021-09-25,03/07/1400
239,انشعاب,CU,2021-09-25,03/07/1400
240,درخواست,CU,2021-09-25,03/07/1400
241,جابه جایی,CU,2021-09-26,04/07/1400
242,نصب درخواست,CU,2021-09-26,04/07/1400
243,تایید هزینه انشعاب,CU,2021-09-26,04/07/1400
244,خطا درخواست,CU,2021-09-26,04/07/1400
245,کمسیون طرح,CU,2021-09-26,04/07/1400
246,سامانه سنم,CU,2021-09-26,04/07/1400
247,عدم ثبت درخواست,CU,2021-09-26,04/07/1400
256,شماره درخواست,CU,2021-09-28,06/07/1400
257,خطای ارسال نصب,CU,2021-09-28,06/07/1400
258,کابل انشعاب,CU,2021-09-28,06/07/1400
259,افزایش آمپراژ,CU,2021-09-29,07/07/1400
260,عدم نمایش کنتور خریداری شده,CU,2021-09-29,07/07/1400
261,خطا در کد ملی,CU,2021-09-29,07/07/1400
262,اصلاح هزینه انشعاب,CU,2021-09-29,07/07/1400
263,خرید کنتور توسط متقاضی,CU,2021-09-29,07/07/1400
264,موجودی ناحیه,CU,2021-09-29,07/07/1400
265,درخواست,CU,2021-09-29,07/07/1400
266,تغییرات,CU,2021-09-29,07/07/1400
285,درخواست تغییر نام انشعاب درخواستی,CU,2021-10-02,10/07/1400
286,جا به جایی انشعاب,CU,2021-10-02,10/07/1400
287,کنتور,CU,2021-10-02,10/07/1400
288,معافیت خرید مستقیم,CU,2021-10-02,10/07/1400
289,تغییرات قدرت,CU,2021-10-02,10/07/1400
290,متقاضی تعهد شرکت,CU,2021-10-02,10/07/1400
291,اصلاح فیش ,CU,2021-10-02,10/07/1400
292,تغیییر کمیسیون,CU,2021-10-02,10/07/1400
293,جابه جایی کنتور,CU,2021-10-03,11/07/1400
294,کمیسون,CU,2021-10-03,11/07/1400
295,بازگشت وجه کنتور,CU,2021-10-03,11/07/1400
296,شماره درخواست,CU,2021-10-03,11/07/1400
297,درخواست,CU,2021-10-03,11/07/1400
298,جابه جایی تجهیزات,CU,2021-10-03,11/07/1400
299,خطای عدم وجود اطلاعات,CU,2021-10-04,12/07/1400
300,قیمت تجهیزات,CU,2021-10-04,12/07/1400
301,ثبت معافیت,CU,2021-10-04,12/07/1400
302,کمسیون طرح,CU,2021-10-04,12/07/1400
303,خطای ایجاد سابقه,CU,2021-10-04,12/07/1400
304,تغییرات قدرت,CU,2021-10-04,12/07/1400
305,ارسال لینک مستقیم,CU,2021-10-04,12/07/1400
306,خطای کد ملی,CU,2021-10-04,12/07/1400
307,اصلاح هزینه انشعاب,CU,2021-10-04,12/07/1400
335,جمع آوری ,CU,2021-10-09,17/07/1400
336,تایید هزینه انشعاب,CU,2021-10-09,17/07/1400
337,درخواست معافیت در خرید مستقیم,CU,2021-10-09,17/07/1400
338,کد ملی اشتباه,CU,2021-10-09,17/07/1400
339,کمیسون,CU,2021-10-09,17/07/1400
340,تایید خرید کنتور,CU,2021-10-09,17/07/1400
341,خطای تلفن,CU,2021-10-09,17/07/1400
342,تایید خرید,CU,2021-10-10,18/07/1400
343,بازگشت از خرید کنتور,CU,2021-10-10,18/07/1400
344,تغییر نام درخواست,CU,2021-10-10,18/07/1400
345,تغییرات درخواست,CU,2021-10-10,18/07/1400
346,تغییر تلفن,CU,2021-10-10,18/07/1400
347,درخواست تغییر نام,CU,2021-10-10,18/07/1400
348,عدم امکان ارسال به نصب,CU,2021-10-10,18/07/1400
349,تغییر نام در درخواست انشعاب,CU,2021-10-11,19/07/1400
350,تغییر در درخواست,CU,2021-10-11,19/07/1400
351,بایگانی درخواست,CU,2021-10-11,19/07/1400
352,معافیت در پرداخت هزینه انشعاب,CU,2021-10-11,19/07/1400
353,شماره درخواست,CU,2021-10-11,19/07/1400
354,تغییرات قدرت,CU,2021-10-12,20/07/1400
355,عدم امکان ارسال لینک,CU,2021-10-12,20/07/1400
356,کاهش آمپراژ,CU,2021-10-12,20/07/1400
357,خطای کد ملی,CU,2021-10-12,20/07/1400
358,جابه جایی کنتور,CU,2021-10-12,20/07/1400
359,تایید هزینه انشعاب,CU,2021-10-12,20/07/1400
360,معافیت در پرداخت هزینه انشعاب,CU,2021-10-12,20/07/1400
361,خطا درخواست,CU,2021-10-12,20/07/1400
362,کد ملی اشتباه,CU,2021-10-12,20/07/1400
363,خطای ایجاد سابقه,CU,2021-10-13,21/07/1400
364,درخواست,CU,2021-10-13,21/07/1400
365,عدم امکان ارسال به نصب,CU,2021-10-13,21/07/1400
366,کنتور,CU,2021-10-13,21/07/1400
367,عدم امکان ایجاد سابقه,CU,2021-10-13,21/07/1400
389,درخواست تغییر نام,CU,2021-10-16,24/07/1400
390,کمیسیون,CU,2021-10-16,24/07/1400
391,نصب کنتور,CU,2021-10-16,24/07/1400
392,درخواست کابل,CU,2021-10-16,24/07/1400
393,تغییر نماینده,CU,2021-10-16,24/07/1400
394,لینک خرید مستقیم,CU,2021-10-16,24/07/1400
395,کمیسون,CU,2021-10-16,24/07/1400
396,جابه جایی,CU,2021-10-17,25/07/1400
397,درخواست تغییر نام,CU,2021-10-17,25/07/1400
398,معافیت,CU,2021-10-17,25/07/1400
399,خرید کنتور توسط متقاضی,CU,2021-10-17,25/07/1400
400,خطای ایجاد سابقه,CU,2021-10-17,25/07/1400
401,بازگشت وجه انشعاب,CU,2021-10-17,25/07/1400
402,خطا در کد ملی,CU,2021-10-17,25/07/1400
403,خطا درخواست,CU,2021-10-17,25/07/1400
404,متقاضی تعهد شرکت,CU,2021-10-18,26/07/1400
405,تغییر تلفن,CU,2021-10-18,26/07/1400
406,لینک خرید مستقیم,CU,2021-10-18,26/07/1400
407,فیش هزینه انشعاب,CU,2021-10-18,26/07/1400
408,بایگانی درخواست,CU,2021-10-19,27/07/1400
409,عدم وجود کنتور,CU,2021-10-19,27/07/1400
410,سامانه سنم,CU,2021-10-19,27/07/1400
411,عدم امکان ثبت درخواست تعویض,CU,2021-10-20,28/07/1400
412,توافق نامه,CU,2021-10-20,28/07/1400
432,شماره درخواست,CU,2021-10-25,03/08/1400
433,جا به جایی انشعاب,CU,2021-10-25,03/08/1400
434,عدم امکان تغییر درخواست,CU,2021-10-25,03/08/1400
435,سامانه سنم,CU,2021-10-25,03/08/1400
436,تغییرات,CU,2021-10-25,03/08/1400
437,تغییر نام درخواست,CU,2021-10-26,04/08/1400
438,بازگشت وجه انشعاب,CU,2021-10-26,04/08/1400
439,عدم نمایش کنتور خریداری شده,CU,2021-10-26,04/08/1400
440,جابه جایی تجهیزات,CU,2021-10-26,04/08/1400
441,کنتور,CU,2021-10-27,05/08/1400
442,خطای ثبت سابقه,CU,2021-10-27,05/08/1400
443,متقاضی تعهد شرکت,CU,2021-10-27,05/08/1400
444,معافیت در پرداخت هزینه انشعاب,CU,2021-10-27,05/08/1400
445,خطا درخواست,CU,2021-10-27,05/08/1400
446,عدم نمایش کنتور خریداری شده,CU,2021-10-27,05/08/1400
447,عدم ثبت کد ملی,CU,2021-10-27,05/08/1400
448,لینک ارسال مستقیم,CU,2021-10-27,05/08/1400
449,عدم امکان تغییر درخواست,CU,2021-10-27,05/08/1400
450,عدم ثبت درخواست,CU,2021-10-27,05/08/1400
461,خطا درخواست,CU,2021-10-30,08/08/1400
462,تغییرات درخواست,CU,2021-10-30,08/08/1400
463,عدم ثبت افزایش آمپراژ,CU,2021-10-30,08/08/1400
464,کمسیون طرح,CU,2021-10-30,08/08/1400
465,کمیسیون,CU,2021-10-30,08/08/1400
466,خطای ثبت سابقه,CU,2021-10-30,08/08/1400
467,بازگشت وجه کنتور,CU,2021-10-30,08/08/1400
468,بایگانی درخواست,CU,2021-10-31,09/08/1400
469,جمع آوری درخواست,CU,2021-10-31,09/08/1400
470,خطای افزایش,CU,2021-10-31,09/08/1400
471,انشعاب,CU,2021-10-31,09/08/1400
472,ثبت,CU,2021-10-31,09/08/1400
473,خطای ایجاد سابقه,CU,2021-11-01,10/08/1400
474,جمع آوری ,CU,2021-11-01,10/08/1400
475,کنتور,CU,2021-11-01,10/08/1400
476,ارسال لینک مستقیم,CU,2021-11-01,10/08/1400
477,تغییر نام در درخواست انشعاب,CU,2021-11-01,10/08/1400
478,درخواست کابل,CU,2021-11-01,10/08/1400
479,درخواست کابل,CU,2021-11-02,11/08/1400
480,عدم امکان ارسال لینک,CU,2021-11-02,11/08/1400
481,انشعاب,CU,2021-11-02,11/08/1400
482,خطای ثبت سابقه,CU,2021-11-02,11/08/1400
483,اصلاح فیش ,CU,2021-11-02,11/08/1400
484,تغییرات قدرت,CU,2021-11-02,11/08/1400
485,حذف درخواست,CU,2021-11-02,11/08/1400
486,تغییر کد ملی,CU,2021-11-02,11/08/1400
487,متقاضی خرید مستقیم,CU,2021-11-02,11/08/1400
488,نصب کنتور,CU,2021-11-02,11/08/1400
489,عدم ثبت اطلاعات تجهیز,CU,2021-11-03,12/08/1400
490,خرید کنتور توسط متقاضی,CU,2021-11-03,12/08/1400
491,خطای افزایش,CU,2021-11-03,12/08/1400
492,کمسیون طرح,CU,2021-11-03,12/08/1400
493,ثبت نماینده,CU,2021-11-03,12/08/1400
494,ثبت نماینده,CU,2021-11-03,12/08/1400
495,خطای کد ملی,CU,2021-11-03,12/08/1400
496,ارسال لینک مستقیم,CU,2021-11-03,12/08/1400
497,عدم ثبت افزایش آمپراژ,CU,2021-11-03,12/08/1400
511,جابه جایی تجهیزات,CU,2021-11-06,15/08/1400
512,سامانه سنم,CU,2021-11-06,15/08/1400
513,ارسال لینک مستقیم,CU,2021-11-06,15/08/1400
514,تغیییر کمیسیون,CU,2021-11-06,15/08/1400
515,جابه جایی تجهیزات,CU,2021-11-06,15/08/1400
516,عدم ثبت درخواست,CU,2021-11-06,15/08/1400
517,تغییر شماره تلفن,CU,2021-11-07,16/08/1400
518,درخواست خرید,CU,2021-11-07,16/08/1400
519,درخواست کابل,CU,2021-11-07,16/08/1400
520,فیش هزینه انشعاب,CU,2021-11-07,16/08/1400
521,تغییر شماره تلفن,CU,2021-11-08,17/08/1400
522,تعویض لوازم,CU,2021-11-08,17/08/1400
523,خطا درخواست,CU,2021-11-08,17/08/1400
524,بازگشت هزینه کنتور,CU,2021-11-08,17/08/1400
525,خطا درخواست,CU,2021-11-08,17/08/1400
526,عدم امکان تغییر درخواست,CU,2021-11-08,17/08/1400
527,خطای تلفن,CU,2021-11-08,17/08/1400
528,ارسال لینک مستقیم,CU,2021-11-09,18/08/1400
529,تغییرات قدرت,CU,2021-11-09,18/08/1400
530,خطا درخواست,CU,2021-11-09,18/08/1400
531,جمع آوری درخواست,CU,2021-11-09,18/08/1400
532,تغییرات درخواست,CU,2021-11-09,18/08/1400
533,جابه جایی تجهیزات,CU,2021-11-09,18/08/1400
534,قیمت تجهیزات,CU,2021-11-10,19/08/1400
535,سامانه سنم,CU,2021-11-10,19/08/1400
536,عدم امکان ایجاد سابقه,CU,2021-11-10,19/08/1400
537,تغییر نام درخواست,CU,2021-11-10,19/08/1400
538,معافیت خرید مستقیم,CU,2021-11-10,19/08/1400
539,درخواست تایید خرید,CU,2021-11-10,19/08/1400
540,سامانه سنم,CU,2021-11-10,19/08/1400
552,تغییر تلفن,CU,2021-11-13,22/08/1400
553,جمع آوری ,CU,2021-11-13,22/08/1400
554,ثبت نماینده,CU,2021-11-13,22/08/1400
555,جمع آوری,CU,2021-11-13,22/08/1400
556,تایید معافیت,CU,2021-11-13,22/08/1400
557,عدم ثبت کد ملی,CU,2021-11-13,22/08/1400
558,جابه جایی تجهیزات,CU,2021-11-13,22/08/1400
559,کمیسون,CU,2021-11-13,22/08/1400
560,جمع آوری,CU,2021-11-13,22/08/1400
561,تعویض لوازم,CU,2021-11-13,22/08/1400
562,کابل انشعاب,CU,2021-11-13,22/08/1400
563,کنتور,CU,2021-11-13,22/08/1400
564,تغییر نماینده,CU,2021-11-14,23/08/1400
565,تغییر شماره تلفن,CU,2021-11-14,23/08/1400
566,کمسیون طرح,CU,2021-11-14,23/08/1400
567,کد ملی اشتباه,CU,2021-11-15,24/08/1400
568,درخواست خرید,CU,2021-11-15,24/08/1400
569,حذف درخواست,CU,2021-11-15,24/08/1400
570,فیش,CU,2021-11-15,24/08/1400
571,ثبت نماینده,CU,2021-11-15,24/08/1400
572,جا به جایی انشعاب,CU,2021-11-15,24/08/1400
573,معافیت,CU,2021-11-16,25/08/1400
574,معافیت خرید مستقیم,CU,2021-11-16,25/08/1400
575,خطای ارسال نصب,CU,2021-11-16,25/08/1400
576,تغییر کد ملی,CU,2021-11-16,25/08/1400
577,عدم تغییر در پیمانکار,CU,2021-11-16,25/08/1400
578,نصب درخواست,CU,2021-11-16,25/08/1400
579,تغییرات قدرت درخواست,CU,2021-11-16,25/08/1400
580,جمع آوری ,CU,2021-11-16,25/08/1400
581,تایید خرید,CU,2021-11-17,26/08/1400
582,درخواست,CU,2021-11-17,26/08/1400
583,درخواست معافیت در خرید مستقیم,CU,2021-11-17,26/08/1400
584,معافیت در پرداخت هزینه انشعاب,CU,2021-11-17,26/08/1400
585,عدم ثبت درخواست,CU,2021-11-17,26/08/1400
586,کنتور,CU,2021-11-17,26/08/1400
587,جمع آوری درخواست,CU,2021-11-17,26/08/1400
588,تایید خرید,CU,2021-11-17,26/08/1400
600,درخواست کابل,CU,2021-11-20,29/08/1400
601,جابه جایی,CU,2021-11-20,29/08/1400
602,عدم نمایش کنتور خریداری شده,CU,2021-11-20,29/08/1400
603,ارسال لینک مستقیم,CU,2021-11-20,29/08/1400
604,خرید کنتور توسط متقاضی,CU,2021-11-20,29/08/1400
605,فیش,CU,2021-11-20,29/08/1400
606,جا به جایی انشعاب,CU,2021-11-21,30/08/1400
607,عدم نمایش کنتور خریداری شده,CU,2021-11-21,30/08/1400
608,کابل انشعاب,CU,2021-11-21,30/08/1400
609,خطای ایجاد سابقه,CU,2021-11-21,30/08/1400
610,جمع آوری ,CU,2021-11-21,30/08/1400
611,عدم ثبت کد ملی درخواست,CU,2021-11-21,30/08/1400
612,خطا درخواست,CU,2021-11-21,30/08/1400
613,خطای تلفن,CU,2021-11-22,01/09/1400
614,عدم نمایش کنتور خریداری شده,CU,2021-11-22,01/09/1400
615,بازگشت وجه کنتور,CU,2021-11-22,01/09/1400
616,عدم ثبت افزایش آمپراژ,CU,2021-11-22,01/09/1400
617,عدم وجود کنتور,CU,2021-11-22,01/09/1400
618,کاهش آمپراژ,CU,2021-11-22,01/09/1400
619,درخواست معافیت در خرید مستقیم,CU,2021-11-22,01/09/1400
620,خطای ارسال نصب,CU,2021-11-22,01/09/1400
621,عدم ثبت افزایش آمپراژ,CU,2021-11-23,02/09/1400
622,تغییرات,CU,2021-11-23,02/09/1400
623,کابل انشعاب,CU,2021-11-23,02/09/1400
624,موجودی ناحیه,CU,2021-11-23,02/09/1400
625,حذف درخواست,CU,2021-11-23,02/09/1400
626,درخواست تغییر نام انشعاب درخواستی,CU,2021-11-23,02/09/1400
627,تایید معافیت,CU,2021-11-23,02/09/1400
628,خطای ایجاد سابقه,CU,2021-11-23,02/09/1400
629,تغییرات قدرت درخواست,CU,2021-11-24,03/09/1400
630,تغییر شماره تلفن,CU,2021-11-24,03/09/1400
631,تغییرات,CU,2021-11-24,03/09/1400
632,جمع آوری درخواست,CU,2021-11-24,03/09/1400
645,تغییرات درخواست,CU,2021-11-27,06/09/1400
646,معافیت خرید مستقیم,CU,2021-11-27,06/09/1400
647,عدم امکان ایجاد سابقه,CU,2021-11-27,06/09/1400
648,ثبت,CU,2021-11-27,06/09/1400
649,جمع آوری درخواست,CU,2021-11-27,06/09/1400
650,کمیسیون,CU,2021-11-27,06/09/1400
651,عدم نمایش کنتور خریداری شده,CU,2021-11-27,06/09/1400
652,بازگشت از خرید کنتور,CU,2021-11-27,06/09/1400
653,تایید معافیت,CU,2021-11-27,06/09/1400
654,تایید معافیت کنتور,CU,2021-11-28,07/09/1400
655,عدم امکان ایجاد سابقه,CU,2021-11-28,07/09/1400
656,ثبت نماینده,CU,2021-11-28,07/09/1400
657,جمع آوری هزینه انشعاب,CU,2021-11-28,07/09/1400
658,معافیت در پرداخت هزینه انشعاب,CU,2021-11-28,07/09/1400
659,نصب انشعاب,CU,2021-11-28,07/09/1400
660,خطای ثبت سابقه,CU,2021-11-29,08/09/1400
661,تعویض لوازم,CU,2021-11-29,08/09/1400
662,کنتور,CU,2021-11-29,08/09/1400
663,خطای ایجاد سابقه,CU,2021-11-29,08/09/1400
664,عدم ثبت اطلاعات تجهیز,CU,2021-11-30,09/09/1400
665,جمع آوری ,CU,2021-11-30,09/09/1400
666,کد ملی اشتباه,CU,2021-11-30,09/09/1400
667,جمع آوری هزینه انشعاب,CU,2021-11-30,09/09/1400
668,کاهش آمپراژ,CU,2021-11-30,09/09/1400
669,کنتور خریداری شده,CU,2021-11-30,09/09/1400
670,ثبت نماینده,CU,2021-12-01,10/09/1400
671,عدم تغییر در پیمانکار,CU,2021-12-01,10/09/1400
672,تایید معافیت,CU,2021-12-01,10/09/1400
673,عدم امکان ارسال لینک,CU,2021-12-01,10/09/1400
674,عدم ثبت افزایش آمپراژ,CU,2021-12-01,10/09/1400
675,متقاضی تعهد شرکت,CU,2021-12-01,10/09/1400
689,تغییر در درخواست,CU,2021-12-04,13/09/1400
690,خطای عدم وجود اطلاعات,CU,2021-12-04,13/09/1400
691,درخواست تغییر نام انشعاب درخواستی,CU,2021-12-04,13/09/1400
692,خطای کد ملی,CU,2021-12-04,13/09/1400
693,جابه جایی,CU,2021-12-04,13/09/1400
694,درخواست تغییر نام انشعاب درخواستی,CU,2021-12-04,13/09/1400
695,خطای افزایش,CU,2021-12-04,13/09/1400
696,لینک خرید مستقیم,CU,2021-12-04,13/09/1400
697,توافق نامه,CU,2021-12-04,13/09/1400
698,تغییر شماره تلفن,CU,2021-12-04,13/09/1400
699,عدم تغییر در پیمانکار,CU,2021-12-05,14/09/1400
700,تغییر کد ملی,CU,2021-12-05,14/09/1400
701,عدم ثبت افزایش آمپراژ,CU,2021-12-05,14/09/1400
702,تغییر نام در درخواست انشعاب,CU,2021-12-05,14/09/1400
703,لینک ارسال مستقیم,CU,2021-12-06,15/09/1400
704,جمع آوری ,CU,2021-12-06,15/09/1400
705,ثبت معافیت,CU,2021-12-06,15/09/1400
706,کمیسون,CU,2021-12-06,15/09/1400
707,ثبت معافیت,CU,2021-12-06,15/09/1400
708,جمع آوری درخواست,CU,2021-12-06,15/09/1400
709,درخواست تغییر نام,CU,2021-12-06,15/09/1400
710,فیش,CU,2021-12-06,15/09/1400
711,تغییر نام انشعاب,CU,2021-12-06,15/09/1400
712,تعویض لوازم,CU,2021-12-06,15/09/1400
713,خطای ارسال نصب,CU,2021-12-07,16/09/1400
714,کمیسیون,CU,2021-12-07,16/09/1400
715,عدم موجودی کنتور,CU,2021-12-07,16/09/1400
716,خطای ایجاد سابقه,CU,2021-12-07,16/09/1400
717,کمیسیون,CU,2021-12-07,16/09/1400
718,حذف درخواست,CU,2021-12-07,16/09/1400
719,نصب کنتور,CU,2021-12-08,17/09/1400
720,انشعاب,CU,2021-12-08,17/09/1400
721,موجودی ناحیه,CU,2021-12-08,17/09/1400
722,عدم وجود کنتور,CU,2021-12-08,17/09/1400
723,خطای تلفن,CU,2021-12-08,17/09/1400
724,کمیسون,CU,2021-12-08,17/09/1400
725,شماره درخواست,CU,2021-12-08,17/09/1400
726,عدم وجود کنتور,CU,2021-12-08,17/09/1400
727,کنتور,CU,2021-12-08,17/09/1400
728,کمسیون طرح,CU,2021-12-08,17/09/1400
741,تعویض لوازم,CU,2021-12-11,20/09/1400
742,لینک ارسال مستقیم,CU,2021-12-11,20/09/1400
743,عدم امکان ارسال لینک,CU,2021-12-11,20/09/1400
744,کاهش آمپراژ,CU,2021-12-11,20/09/1400
745,تایید معافیت,CU,2021-12-11,20/09/1400
746,خطای افزایش,CU,2021-12-11,20/09/1400
747,تغییر شماره تلفن,CU,2021-12-11,20/09/1400
748,تایید معافیت,CU,2021-12-12,21/09/1400
749,تغییر نام انشعاب,CU,2021-12-12,21/09/1400
750,نصب کنتور,CU,2021-12-12,21/09/1400
751,درخواست تغییر نام انشعاب درخواستی,CU,2021-12-12,21/09/1400
752,عدم ثبت کد ملی درخواست,CU,2021-12-12,21/09/1400
753,عدم ثبت افزایش آمپراژ,CU,2021-12-13,22/09/1400
754,تغییرات,CU,2021-12-13,22/09/1400
755,کاهش آمپراژ,CU,2021-12-13,22/09/1400
756,انشعاب,CU,2021-12-13,22/09/1400
757,ثبت,CU,2021-12-13,22/09/1400
758,معافیت در پرداخت هزینه انشعاب,CU,2021-12-13,22/09/1400
759,درخواست تغییر نام,CU,2021-12-13,22/09/1400
760,جمع آوری ,CU,2021-12-13,22/09/1400
761,جمع آوری هزینه انشعاب,CU,2021-12-13,22/09/1400
762,نصب انشعاب,CU,2021-12-13,22/09/1400
763,تغییرات,CU,2021-12-14,23/09/1400
764,تغییر نام در درخواست انشعاب,CU,2021-12-14,23/09/1400
765,تغییر کد ملی,CU,2021-12-14,23/09/1400
766,لینک خرید مستقیم,CU,2021-12-14,23/09/1400
767,اصلاح فیش ,CU,2021-12-14,23/09/1400
768,تغییرات قدرت,CU,2021-12-14,23/09/1400
769,عدم ثبت درخواست,CU,2021-12-14,23/09/1400
770,جمع آوری درخواست,CU,2021-12-15,24/09/1400
771,عدم امکان تغییر درخواست,CU,2021-12-15,24/09/1400
772,خطای افزایش,CU,2021-12-15,24/09/1400
773,عدم امکان تغییر درخواست,CU,2021-12-15,24/09/1400
774,توافق نامه,CU,2021-12-15,24/09/1400
775,عدم امکان تغییر درخواست,CU,2021-12-15,24/09/1400
776,شماره درخواست,CU,2021-12-15,24/09/1400
788,عدم امکان ارسال لینک,CU,2021-12-18,27/09/1400
789,لینک خرید مستقیم,CU,2021-12-18,27/09/1400
790,فیش هزینه انشعاب,CU,2021-12-18,27/09/1400
791,تایید هزینه انشعاب,CU,2021-12-18,27/09/1400
792,انشعاب,CU,2021-12-18,27/09/1400
793,کمیسون,CU,2021-12-19,28/09/1400
794,عدم ثبت درخواست,CU,2021-12-19,28/09/1400
795,تغیییر کمیسیون,CU,2021-12-19,28/09/1400
796,عدم ثبت کد ملی درخواست,CU,2021-12-19,28/09/1400
797,فیش,CU,2021-12-19,28/09/1400
798,تغییر تلفن,CU,2021-12-19,28/09/1400
799,تایید خرید کنتور,CU,2021-12-20,29/09/1400
800,تغییر تلفن,CU,2021-12-20,29/09/1400
801,اصلاح فیش ,CU,2021-12-20,29/09/1400
802,موجودی ناحیه,CU,2021-12-20,29/09/1400
803,بازگشت هزینه کنتور,CU,2021-12-20,29/09/1400
804,شماره درخواست,CU,2021-12-20,29/09/1400
805,عدم ثبت کد ملی درخواست,CU,2021-12-20,29/09/1400
806,تغییر نام در درخواست انشعاب,CU,2021-12-20,29/09/1400
807,عدم امکان تغییر درخواست,CU,2021-12-21,30/09/1400
808,درخواست تایید خرید,CU,2021-12-21,30/09/1400
809,تغییر کد ملی,CU,2021-12-21,30/09/1400
810,ارسال لینک مستقیم,CU,2021-12-21,30/09/1400
811,تایید خرید کنتور,CU,2021-12-21,30/09/1400
812,جمع آوری درخواست,CU,2021-12-21,30/09/1400
813,تایید معافیت کنتور,CU,2021-12-22,01/10/1400
814,تغییر تلفن,CU,2021-12-22,01/10/1400
815,درخواست تغییر نام انشعاب درخواستی,CU,2021-12-22,01/10/1400
816,کابل انشعاب,CU,2021-12-22,01/10/1400
817,جمع آوری درخواست,CU,2021-12-22,01/10/1400
818,خطای ثبت سابقه,CU,2021-12-22,01/10/1400
819,بازگشت وجه کنتور,CU,2021-12-22,01/10/1400
820,خرید کنتور,CU,2021-12-22,01/10/1400
821,عدم ثبت افزایش آمپراژ,CU,2021-12-22,01/10/1400
822,جابه جایی تجهیزات,CU,2021-12-22,01/10/1400
837,سامانه سنم,CU,2021-12-25,04/10/1400
838,عدم ثبت کد ملی,CU,2021-12-25,04/10/1400
839,درخواست معافیت در خرید مستقیم,CU,2021-12-25,04/10/1400
840,بازگشت هزینه کنتور,CU,2021-12-25,04/10/1400
841,فیش,CU,2021-12-25,04/10/1400
842,تایید خرید کنتور,CU,2021-12-25,04/10/1400
843,جابه جایی کنتور,CU,2021-12-25,04/10/1400
844,تغییر نام,CU,2021-12-25,04/10/1400
845,درخواست تغییر نام انشعاب درخواستی,CU,2021-12-26,05/10/1400
846,تایید معافیت کنتور,CU,2021-12-26,05/10/1400
847,اصلاح هزینه انشعاب,CU,2021-12-26,05/10/1400
848,جمع آوری,CU,2021-12-26,05/10/1400
849,کمیسیون,CU,2021-12-26,05/10/1400
850,جمع آوری,CU,2021-12-26,05/10/1400
851,عدم ثبت درخواست,CU,2021-12-26,05/10/1400
852,عدم امکان ارسال به نصب,CU,2021-12-27,06/10/1400
853,بازگشت وجه کنتور,CU,2021-12-27,06/10/1400
854,خطای کد ملی,CU,2021-12-27,06/10/1400
855,درخواست تایید خرید,CU,2021-12-27,06/10/1400
856,کابل انشعاب,CU,2021-12-27,06/10/1400
857,تغییر تلفن,CU,2021-12-27,06/10/1400
858,معافیت,CU,2021-12-28,07/10/1400
859,انشعاب,CU,2021-12-28,07/10/1400
860,درخواست تایید خرید,CU,2021-12-28,07/10/1400
861,عدم امکان تغییر درخواست,CU,2021-12-28,07/10/1400
862,عدم تغییر در پیمانکار,CU,2021-12-28,07/10/1400
863,تغییر کد ملی,CU,2021-12-28,07/10/1400
864,معافیت در پرداخت هزینه انشعاب,CU,2021-12-28,07/10/1400
865,درخواست کابل,CU,2021-12-28,07/10/1400
866,خطا درخواست,CU,2021-12-29,08/10/1400
867,عدم موجودی کنتور,CU,2021-12-29,08/10/1400
868,قیمت تجهیزات,CU,2021-12-29,08/10/1400
869,موجودی ناحیه,CU,2021-12-29,08/10/1400
870,تغییر نام در درخواست انشعاب,CU,2021-12-29,08/10/1400
871,درخواست تغییر نام,CU,2021-12-29,08/10/1400
889,بازگشت از خرید کنتور,CU,2022-01-01,11/10/1400
890,تغییر نام,CU,2022-01-01,11/10/1400
891,تغییرات درخواست,CU,2022-01-01,11/10/1400
892,تغییر نام انشعاب,CU,2022-01-01,11/10/1400
893,خطای تلفن,CU,2022-01-01,11/10/1400
894,ثبت نماینده,CU,2022-01-02,12/10/1400
895,کمیسون,CU,2022-01-02,12/10/1400
896,نصب درخواست,CU,2022-01-02,12/10/1400
897,خطای تلفن,CU,2022-01-02,12/10/1400
898,کنتور,CU,2022-01-03,13/10/1400
899,درخواست معافیت در خرید مستقیم,CU,2022-01-03,13/10/1400
900,عدم موجودی کنتور,CU,2022-01-03,13/10/1400
901,تغییر نام درخواست,CU,2022-01-03,13/10/1400
902,معافیت خرید مستقیم,CU,2022-01-03,13/10/1400
903,جمع آوری درخواست,CU,2022-01-03,13/10/1400
904,خطای تلفن,CU,2022-01-03,13/10/1400
905,خطای کد ملی,CU,2022-01-04,14/10/1400
906,عدم امکان ارسال لینک,CU,2022-01-04,14/10/1400
907,عدم ثبت درخواست,CU,2022-01-04,14/10/1400
908,متقاضی تعهد شرکت,CU,2022-01-04,14/10/1400
909,نصب انشعاب,CU,2022-01-04,14/10/1400
910,خطای افزایش,CU,2022-01-05,15/10/1400
911,کمیسون,CU,2022-01-05,15/10/1400
912,عدم امکان ایجاد سابقه,CU,2022-01-05,15/10/1400
913,عدم ثبت کد ملی درخواست,CU,2022-01-05,15/10/1400
914,تایید خرید کنتور,CU,2022-01-05,15/10/1400
915,تغییر نماینده,CU,2022-01-05,15/10/1400
926,درخواست خرید,CU,2022-01-08,18/10/1400
927,درخواست تایید خرید,CU,2022-01-08,18/10/1400
928,عدم امکان ایجاد سابقه,CU,2022-01-08,18/10/1400
929,بایگانی درخواست,CU,2022-01-08,18/10/1400
930,نصب درخواست,CU,2022-01-08,18/10/1400
931,خطای ارسال نصب,CU,2022-01-08,18/10/1400
932,نصب درخواست,CU,2022-01-08,18/10/1400
933,عدم ثبت درخواست,CU,2022-01-08,18/10/1400
934,قیمت تجهیزات,CU,2022-01-09,19/10/1400
935,بازگشت هزینه کنتور,CU,2022-01-09,19/10/1400
936,جمع آوری ,CU,2022-01-09,19/10/1400
937,درخواست تایید خرید,CU,2022-01-09,19/10/1400
938,عدم موجودی کنتور,CU,2022-01-09,19/10/1400
939,تایید خرید,CU,2022-01-10,20/10/1400
940,لینک خرید مستقیم,CU,2022-01-10,20/10/1400
941,عدم امکان ایجاد سابقه,CU,2022-01-10,20/10/1400
942,کنتور خریداری شده,CU,2022-01-10,20/10/1400
943,عدم تغییر در پیمانکار,CU,2022-01-10,20/10/1400
944,کابل انشعاب,CU,2022-01-10,20/10/1400
945,تغییرات درخواست,CU,2022-01-10,20/10/1400
946,معافیت در پرداخت هزینه انشعاب,CU,2022-01-10,20/10/1400
947,خطای ایجاد سابقه,CU,2022-01-11,21/10/1400
948,خطای افزایش,CU,2022-01-11,21/10/1400
949,جا به جایی انشعاب,CU,2022-01-11,21/10/1400
950,تغییر تلفن,CU,2022-01-11,21/10/1400
951,جمع آوری درخواست,CU,2022-01-11,21/10/1400
952,تغییر تلفن,CU,2022-01-11,21/10/1400
953,توافق نامه,CU,2022-01-11,21/10/1400
954,درخواست,CU,2022-01-11,21/10/1400
955,حذف درخواست,CU,2022-01-11,21/10/1400
956,عدم امکان ارسال لینک,CU,2022-01-11,21/10/1400
957,خطا در کد ملی,CU,2022-01-12,22/10/1400
958,درخواست خرید,CU,2022-01-12,22/10/1400
959,معافیت,CU,2022-01-12,22/10/1400
960,تغییر در درخواست,CU,2022-01-12,22/10/1400
961,تغییرات قدرت,CU,2022-01-12,22/10/1400
962,تغییر تلفن,CU,2022-01-12,22/10/1400
963,تغیییر کمیسیون,CU,2022-01-12,22/10/1400
964,درخواست کابل,CU,2022-01-12,22/10/1400
965,عدم ثبت کد ملی درخواست,CU,2022-01-12,22/10/1400
966,معافیت در پرداخت هزینه انشعاب,CU,2022-01-12,22/10/1400
967,معافیت,CU,2022-01-12,22/10/1400
979,لینک ارسال مستقیم,CU,2022-01-15,25/10/1400
980,ثبت معافیت,CU,2022-01-15,25/10/1400
981,درخواست,CU,2022-01-15,25/10/1400
982,حذف درخواست,CU,2022-01-15,25/10/1400
983,جابه جایی,CU,2022-01-15,25/10/1400
984,جمع آوری هزینه انشعاب,CU,2022-01-15,25/10/1400
985,عدم امکان ارسال به نصب,CU,2022-01-15,25/10/1400
986,درخواست تغییر نام انشعاب درخواستی,CU,2022-01-16,26/10/1400
987,کابل انشعاب,CU,2022-01-16,26/10/1400
988,خطا در کد ملی,CU,2022-01-16,26/10/1400
989,کد ملی اشتباه,CU,2022-01-16,26/10/1400
990,درخواست تغییر نام,CU,2022-01-16,26/10/1400
991,حذف درخواست,CU,2022-01-16,26/10/1400
992,تایید معافیت کنتور,CU,2022-01-16,26/10/1400
993,تغییر نام درخواست,CU,2022-01-16,26/10/1400
994,تعویض لوازم,CU,2022-01-16,26/10/1400
995,خطای تلفن,CU,2022-01-16,26/10/1400
996,کنتور,CU,2022-01-17,27/10/1400
997,سامانه سنم,CU,2022-01-17,27/10/1400
998,موجودی ناحیه,CU,2022-01-17,27/10/1400
999,ارسال لینک مستقیم,CU,2022-01-18,28/10/1400
1000,کنتور خریداری شده,CU,2022-01-18,28/10/1400
1001,لینک ارسال مستقیم,CU,2022-01-18,28/10/1400
1002,درخواست تغییر نام انشعاب درخواستی,CU,2022-01-18,28/10/1400
1003,کابل انشعاب,CU,2022-01-18,28/10/1400
1004,تغییر شماره تلفن,CU,2022-01-18,28/10/1400
1005,عدم امکان ارسال لینک,CU,2022-01-18,28/10/1400
1006,خطای افزایش,CU,2022-01-18,28/10/1400
1007,تغییر شماره تلفن,CU,2022-01-19,29/10/1400
1008,تغییر نام انشعاب,CU,2022-01-19,29/10/1400
1009,لینک خرید مستقیم,CU,2022-01-19,29/10/1400
1010,خطای ایجاد سابقه,CU,2022-01-19,29/10/1400
1011,درخواست معافیت در خرید مستقیم,CU,2022-01-19,29/10/1400
1012,خرید کنتور توسط متقاضی,CU,2022-01-19,29/10/1400
1013,خرید کنتور,CU,2022-01-19,29/10/1400
1014,خطای ارسال نصب,CU,2022-01-19,29/10/1400
1015,خطا در کد ملی,CU,2022-01-19,29/10/1400
1016,خرید کنتور توسط متقاضی,CU,2022-01-19,29/10/1400
1030,عدم وجود کنتور,CU,2022-01-22,02/11/1400
1031,تعویض لوازم,CU,2022-01-22,02/11/1400
1032,توافق نامه,CU,2022-01-22,02/11/1400
1033,خطای عدم وجود اطلاعات,CU,2022-01-22,02/11/1400
1034,جمع آوری ,CU,2022-01-22,02/11/1400
1035,جابه جایی کنتور,CU,2022-01-22,02/11/1400
1036,جمع آوری هزینه انشعاب,CU,2022-01-23,03/11/1400
1037,عدم نمایش کنتور خریداری شده,CU,2022-01-23,03/11/1400
1038,عدم ثبت اطلاعات تجهیز,CU,2022-01-23,03/11/1400
1039,انشعاب,CU,2022-01-23,03/11/1400
1040,کاهش آمپراژ,CU,2022-01-23,03/11/1400
1041,کمسیون طرح,CU,2022-01-23,03/11/1400
1042,درخواست تغییر نام انشعاب درخواستی,CU,2022-01-23,03/11/1400
1043,اختصاص کابل,CU,2022-01-23,03/11/1400
1044,ثبت,CU,2022-01-23,03/11/1400
1045,عدم ثبت درخواست,CU,2022-01-23,03/11/1400
1046,تغییر نام درخواست,CU,2022-01-23,03/11/1400
1047,ثبت,CU,2022-01-23,03/11/1400
1048,درخواست معافیت در خرید مستقیم,CU,2022-01-23,03/11/1400
1049,درخواست تایید خرید,CU,2022-01-23,03/11/1400
1050,معافیت,CU,2022-01-23,03/11/1400
1051,تغییر نام درخواست,CU,2022-01-23,03/11/1400
1052,کابل انشعاب,CU,2022-01-24,04/11/1400
1053,درخواست معافیت در خرید مستقیم,CU,2022-01-24,04/11/1400
1054,تایید خرید کنتور,CU,2022-01-24,04/11/1400
1055,فیش,CU,2022-01-24,04/11/1400
1056,اختصاص کابل,CU,2022-01-24,04/11/1400
1057,تایید معافیت کنتور,CU,2022-01-24,04/11/1400
1058,تغییر شماره تلفن,CU,2022-01-25,05/11/1400
1059,درخواست تغییر نام انشعاب درخواستی,CU,2022-01-25,05/11/1400
1060,عدم امکان ارسال لینک,CU,2022-01-25,05/11/1400
1061,عدم وجود کنتور,CU,2022-01-25,05/11/1400
1062,معافیت,CU,2022-01-25,05/11/1400
1063,اختصاص کابل,CU,2022-01-25,05/11/1400
1064,تغییر نام,CU,2022-01-25,05/11/1400
1065,تغییر نام در درخواست انشعاب,CU,2022-01-25,05/11/1400
1066,تایید معافیت کنتور,CU,2022-01-25,05/11/1400
1067,درخواست تایید خرید,CU,2022-01-25,05/11/1400
1068,قیمت تجهیزات,CU,2022-01-26,06/11/1400
1069,خرید کنتور توسط متقاضی,CU,2022-01-26,06/11/1400
1070,موجودی ناحیه,CU,2022-01-26,06/11/1400
1071,سامانه سنم,CU,2022-01-26,06/11/1400
1072,تغییر نام درخواست,CU,2022-01-26,06/11/1400
1088,اصلاح فیش ,CU,2022-01-29,09/11/1400
1089,تغییر در درخواست,CU,2022-01-29,09/11/1400
1090,خرید کنتور توسط متقاضی,CU,2022-01-29,09/11/1400
1091,خرید کنتور,CU,2022-01-29,09/11/1400
1092,ثبت معافیت,CU,2022-01-29,09/11/1400
1093,اصلاح هزینه انشعاب,CU,2022-01-29,09/11/1400
1094,اصلاح فیش ,CU,2022-01-29,09/11/1400
1095,عدم امکان ارسال لینک,CU,2022-01-29,09/11/1400
1096,ثبت نماینده,CU,2022-01-30,10/11/1400
1097,نصب انشعاب,CU,2022-01-30,10/11/1400
1098,خطای تلفن,CU,2022-01-30,10/11/1400
1099,جمع آوری ,CU,2022-01-30,10/11/1400
1100,خرید کنتور,CU,2022-01-30,10/11/1400
1101,تایید هزینه انشعاب,CU,2022-01-31,11/11/1400
1102,نصب انشعاب,CU,2022-01-31,11/11/1400
1103,تغییرات قدرت درخواست,CU,2022-01-31,11/11/1400
1104,بازگشت هزینه کنتور,CU,2022-01-31,11/11/1400
1105,بازگشت وجه کنتور,CU,2022-01-31,11/11/1400
1106,درخواست معافیت در خرید مستقیم,CU,2022-01-31,11/11/1400
1107,ارسال لینک مستقیم,CU,2022-02-01,12/11/1400
1108,کابل انشعاب,CU,2022-02-01,12/11/1400
1109,عدم ثبت افزایش آمپراژ,CU,2022-02-01,12/11/1400
1110,تغییر نام در درخواست انشعاب,CU,2022-02-01,12/11/1400
1111,فیش,CU,2022-02-01,12/11/1400
1112,جمع آوری,CU,2022-02-02,13/11/1400
1113,درخواست تغییر نام انشعاب درخواستی,CU,2022-02-02,13/11/1400
1114,درخواست کابل,CU,2022-02-02,13/11/1400
1115,کنتور,CU,2022-02-02,13/11/1400
1116,کمسیون طرح,CU,2022-02-02,13/11/1400
1117,ثبت معافیت,CU,2022-02-02,13/11/1400
1118,تایید هزینه انشعاب,CU,2022-02-02,13/11/1400
1119,بایگانی درخواست,CU,2022-02-02,13/11/1400
1130,تغییر نام انشعاب,CU,2022-02-05,16/11/1400
1131,خرید کنتور,CU,2022-02-05,16/11/1400
1132,سامانه سنم,CU,2022-02-05,16/11/1400
1133,خطای ارسال نصب,CU,2022-02-05,16/11/1400
1134,جابه جایی تجهیزات,CU,2022-02-05,16/11/1400
1135,بازگشت از خرید کنتور,CU,2022-02-05,16/11/1400
1136,قیمت تجهیزات,CU,2022-02-06,17/11/1400
1137,قیمت تجهیزات,CU,2022-02-06,17/11/1400
1138,افزایش آمپراژ,CU,2022-02-06,17/11/1400
1139,خطای ثبت سابقه,CU,2022-02-06,17/11/1400
1140,خطای ثبت سابقه,CU,2022-02-06,17/11/1400
1141,درخواست کابل,CU,2022-02-06,17/11/1400
1142,تغییر نام,CU,2022-02-07,18/11/1400
1143,درخواست معافیت در خرید مستقیم,CU,2022-02-07,18/11/1400
1144,خطا درخواست,CU,2022-02-07,18/11/1400
1145,جابه جایی تجهیزات,CU,2022-02-08,19/11/1400
1146,عدم نمایش کنتور خریداری شده,CU,2022-02-08,19/11/1400
1147,ارسال لینک مستقیم,CU,2022-02-08,19/11/1400
1148,خطای تلفن,CU,2022-02-08,19/11/1400
1149,افزایش آمپراژ,CU,2022-02-08,19/11/1400
1150,عدم ثبت کد ملی درخواست,CU,2022-02-08,19/11/1400
1151,خطای کد ملی,CU,2022-02-08,19/11/1400
1152,کاهش آمپراژ,CU,2022-02-08,19/11/1400
1153,حذف درخواست,CU,2022-02-08,19/11/1400
1154,تغییر نام در درخواست انشعاب,CU,2022-02-08,19/11/1400
1155,کمیسون,CU,2022-02-09,20/11/1400
1156,ثبت نماینده,CU,2022-02-09,20/11/1400
1157,تغییر کد ملی,CU,2022-02-09,20/11/1400
1158,خطای ارسال نصب,CU,2022-02-09,20/11/1400
1159,بازگشت وجه کنتور,CU,2022-02-09,20/11/1400
1160,تغییر نام,CU,2022-02-09,20/11/1400
1161,نصب درخواست,CU,2022-02-09,20/11/1400
1162,تغییر نام انشعاب,CU,2022-02-09,20/11/1400
1183,لینک خرید مستقیم,CU,2022-02-12,23/11/1400
1184,بازگشت از خرید کنتور,CU,2022-02-12,23/11/1400
1185,تغییرات,CU,2022-02-12,23/11/1400
1186,عدم ثبت کد ملی,CU,2022-02-12,23/11/1400
1187,خطای ایجاد سابقه,CU,2022-02-12,23/11/1400
1188,عدم امکان ثبت درخواست تعویض,CU,2022-02-12,23/11/1400
1189,ثبت معافیت,CU,2022-02-12,23/11/1400
1190,تغییر نام درخواست,CU,2022-02-12,23/11/1400
1191,تغییر شماره تلفن,CU,2022-02-12,23/11/1400
1192,جابه جایی تجهیزات,CU,2022-02-13,24/11/1400
1193,معافیت,CU,2022-02-13,24/11/1400
1194,افزایش آمپراژ,CU,2022-02-13,24/11/1400
1195,تغییرات قدرت,CU,2022-02-13,24/11/1400
1196,بازگشت هزینه کنتور,CU,2022-02-13,24/11/1400
1197,جمع آوری هزینه انشعاب,CU,2022-02-13,24/11/1400
1198,تغییر نام در درخواست انشعاب,CU,2022-02-14,25/11/1400
1199,نصب انشعاب,CU,2022-02-14,25/11/1400
1200,خطای تلفن,CU,2022-02-14,25/11/1400
1201,حذف درخواست,CU,2022-02-14,25/11/1400
1202,معافیت در پرداخت هزینه انشعاب,CU,2022-02-14,25/11/1400
1203,خطای تلفن,CU,2022-02-14,25/11/1400
1204,خرید کنتور,CU,2022-02-14,25/11/1400
1205,نصب کنتور,CU,2022-02-15,26/11/1400
1206,ثبت نماینده,CU,2022-02-15,26/11/1400
1207,بازگشت وجه کنتور,CU,2022-02-15,26/11/1400
1208,تایید خرید,CU,2022-02-15,26/11/1400
1209,بازگشت از خرید کنتور,CU,2022-02-15,26/11/1400
1210,درخواست خرید,CU,2022-02-15,26/11/1400
1211,جا به جایی انشعاب,CU,2022-02-15,26/11/1400
1212,قیمت تجهیزات,CU,2022-02-15,26/11/1400
1213,تغییر نماینده,CU,2022-02-15,26/11/1400
1214,ثبت,CU,2022-02-15,26/11/1400
1215,درخواست کابل,CU,2022-02-15,26/11/1400
1235,خرید کنتور,CU,2022-02-19,30/11/1400
1236,افزایش آمپراژ,CU,2022-02-19,30/11/1400
1237,کنتور,CU,2022-02-19,30/11/1400
1238,خرید کنتور توسط متقاضی,CU,2022-02-19,30/11/1400
1239,خطای عدم وجود اطلاعات,CU,2022-02-19,30/11/1400
1240,جابه جایی تجهیزات,CU,2022-02-19,30/11/1400
1241,جمع آوری درخواست,CU,2022-02-19,30/11/1400
1242,کد ملی اشتباه,CU,2022-02-19,30/11/1400
1243,جمع آوری درخواست,CU,2022-02-19,30/11/1400
1244,بازگشت از خرید کنتور,CU,2022-02-20,01/12/1400
1245,درخواست تایید خرید,CU,2022-02-20,01/12/1400
1246,تغییر در درخواست,CU,2022-02-20,01/12/1400
1247,لینک خرید مستقیم,CU,2022-02-20,01/12/1400
1248,متقاضی تعهد شرکت,CU,2022-02-20,01/12/1400
1249,خطای کد ملی,CU,2022-02-20,01/12/1400
1250,خطای افزایش,CU,2022-02-20,01/12/1400
1251,تایید هزینه انشعاب,CU,2022-02-20,01/12/1400
1252,نصب درخواست,CU,2022-02-21,02/12/1400
1253,افزایش آمپراژ,CU,2022-02-21,02/12/1400
1254,عدم وجود کنتور,CU,2022-02-21,02/12/1400
1255,تغییرات قدرت درخواست,CU,2022-02-21,02/12/1400
1256,عدم امکان ایجاد سابقه,CU,2022-02-21,02/12/1400
1257,خرید کنتور توسط متقاضی,CU,2022-02-21,02/12/1400
1258,کاهش آمپراژ,CU,2022-02-21,02/12/1400
1259,نصب کنتور,CU,2022-02-21,02/12/1400
1260,عدم ثبت اطلاعات تجهیز,CU,2022-02-21,02/12/1400
1261,تغییر نام,CU,2022-02-22,03/12/1400
1262,عدم ثبت اطلاعات تجهیز,CU,2022-02-22,03/12/1400
1263,بازگشت وجه کنتور,CU,2022-02-22,03/12/1400
1264,خطای کد ملی,CU,2022-02-22,03/12/1400
1265,ثبت نماینده,CU,2022-02-22,03/12/1400
1266,بازگشت وجه انشعاب,CU,2022-02-22,03/12/1400
1267,سامانه سنم,CU,2022-02-22,03/12/1400
1268,عدم موجودی کنتور,CU,2022-02-22,03/12/1400
1269,توافق نامه,CU,2022-02-22,03/12/1400
1270,عدم ثبت کد ملی,CU,2022-02-22,03/12/1400
1271,درخواست کابل,CU,2022-02-22,03/12/1400
1272,خطا درخواست,CU,2022-02-22,03/12/1400
1273,جابه جایی کنتور,CU,2022-02-23,04/12/1400
1274,کنتور,CU,2022-02-23,04/12/1400
1275,کاهش آمپراژ,CU,2022-02-23,04/12/1400
1276,کمیسون,CU,2022-02-23,04/12/1400
1277,تغییر کد ملی,CU,2022-02-23,04/12/1400
1278,عدم نمایش کنتور خریداری شده,CU,2022-02-23,04/12/1400
1279,تعویض لوازم,CU,2022-02-23,04/12/1400
1280,عدم ثبت کد ملی,CU,2022-02-23,04/12/1400
1298,توافق نامه,CU,2022-02-26,07/12/1400
1299,عدم امکان ایجاد سابقه,CU,2022-02-26,07/12/1400
1300,تغییر نام در درخواست انشعاب,CU,2022-02-26,07/12/1400
1301,قیمت تجهیزات,CU,2022-02-26,07/12/1400
1302,جابه جایی,CU,2022-02-26,07/12/1400
1303,تغییر نام,CU,2022-02-27,08/12/1400
1304,شماره درخواست,CU,2022-02-27,08/12/1400
1305,شماره درخواست,CU,2022-02-27,08/12/1400
1306,فیش هزینه انشعاب,CU,2022-02-27,08/12/1400
1307,خطای تلفن,CU,2022-02-27,08/12/1400
1308,عدم موجودی کنتور,CU,2022-02-27,08/12/1400
1309,لینک ارسال مستقیم,CU,2022-02-27,08/12/1400
1310,تایید خرید کنتور,CU,2022-02-28,09/12/1400
1311,خطای کد ملی,CU,2022-02-28,09/12/1400
1312,ثبت معافیت,CU,2022-02-28,09/12/1400
1313,فیش هزینه انشعاب,CU,2022-02-28,09/12/1400
1314,کمسیون طرح,CU,2022-02-28,09/12/1400
1315,عدم ثبت درخواست,CU,2022-02-28,09/12/1400
1316,خرید کنتور توسط متقاضی,CU,2022-02-28,09/12/1400
1317,عدم امکان تغییر درخواست,CU,2022-02-28,09/12/1400
1339,اصلاح هزینه انشعاب,CU,2022-03-04,13/12/1400
1340,تغییرات قدرت درخواست,CU,2022-03-04,13/12/1400
1341,درخواست کابل,CU,2022-03-04,13/12/1400
1342,لینک خرید مستقیم,CU,2022-03-04,13/12/1400
1343,سامانه سنم,CU,2022-03-04,13/12/1400
1344,ثبت,CU,2022-03-04,13/12/1400
1345,درخواست کابل,CU,2022-03-05,14/12/1400
1346,خرید کنتور توسط متقاضی,CU,2022-03-05,14/12/1400
1347,تغییرات قدرت درخواست,CU,2022-03-05,14/12/1400
1348,درخواست معافیت در خرید مستقیم,CU,2022-03-05,14/12/1400
1349,لینک ارسال مستقیم,CU,2022-03-05,14/12/1400
1350,لینک ارسال مستقیم,CU,2022-03-05,14/12/1400
1351,بایگانی درخواست,CU,2022-03-05,14/12/1400
1352,کنتور خریداری شده,CU,2022-03-05,14/12/1400
1353,متقاضی خرید مستقیم,CU,2022-03-06,15/12/1400
1354,افزایش آمپراژ,CU,2022-03-06,15/12/1400
1355,جمع آوری هزینه انشعاب,CU,2022-03-06,15/12/1400
1356,خرید کنتور,CU,2022-03-06,15/12/1400
1357,فیش هزینه انشعاب,CU,2022-03-06,15/12/1400
1358,نصب درخواست,CU,2022-03-06,15/12/1400
1359,جمع آوری,CU,2022-03-06,15/12/1400
1360,خطای ایجاد سابقه,CU,2022-03-06,15/12/1400
1361,انشعاب,CU,2022-03-07,16/12/1400
1362,تغییرات,CU,2022-03-07,16/12/1400
1363,کمسیون طرح,CU,2022-03-07,16/12/1400
1364,خطا درخواست,CU,2022-03-07,16/12/1400
1365,کابل انشعاب,CU,2022-03-07,16/12/1400
1366,نصب کنتور,CU,2022-03-07,16/12/1400
1367,عدم نمایش کنتور خریداری شده,CU,2022-03-07,16/12/1400
1368,عدم نمایش کنتور خریداری شده,CU,2022-03-07,16/12/1400
1369,حذف درخواست,CU,2022-03-07,16/12/1400
1370,خطای تلفن,CU,2022-03-08,17/12/1400
1371,عدم وجود کنتور,CU,2022-03-08,17/12/1400
1372,تغییر نام,CU,2022-03-08,17/12/1400
1373,خطا در کد ملی,CU,2022-03-08,17/12/1400
1374,سامانه سنم,CU,2022-03-08,17/12/1400
1375,موجودی ناحیه,CU,2022-03-08,17/12/1400
1376,شماره درخواست,CU,2022-03-08,17/12/1400
1377,درخواست کابل,CU,2022-03-08,17/12/1400
1378,جابه جایی کنتور,CU,2022-03-08,17/12/1400
1379,تایید خرید,CU,2022-03-09,18/12/1400
1380,حذف درخواست,CU,2022-03-09,18/12/1400
1381,تغییرات درخواست,CU,2022-03-09,18/12/1400
1382,جمع آوری درخواست,CU,2022-03-09,18/12/1400
1383,عدم ثبت افزایش آمپراژ,CU,2022-03-09,18/12/1400
1384,عدم وجود کنتور,CU,2022-03-09,18/12/1400
1385,عدم امکان تغییر درخواست,CU,2022-03-09,18/12/1400
1386,سامانه سنم,CU,2022-03-09,18/12/1400
1387,جابه جایی کنتور,CU,2022-03-09,18/12/1400
1388,ثبت نماینده,CU,2022-03-09,18/12/1400
1389,عدم ثبت افزایش آمپراژ,CU,2022-03-09,18/12/1400
1405,تغییر کد ملی,CU,2022-03-12,21/12/1400
1406,تایید خرید کنتور,CU,2022-03-13,22/12/1400
1407,عدم امکان ارسال لینک,CU,2022-03-14,23/12/1400
1408,خطای افزایش,CU,2022-03-14,23/12/1400
1409,جابه جایی,CU,2022-03-14,23/12/1400
1410,جمع آوری هزینه انشعاب,CU,2022-03-14,23/12/1400
1411,جابه جایی,CU,2022-03-15,24/12/1400
1412,تایید معافیت,CU,2022-03-15,24/12/1400
1413,درخواست تغییر نام انشعاب درخواستی,CU,2022-03-15,24/12/1400
1414,کمیسیون,CU,2022-03-15,24/12/1400
1415,تایید خرید کنتور,CU,2022-03-15,24/12/1400
1416,عدم ثبت کد ملی درخواست,CU,2022-03-15,24/12/1400
1417,تغییرات قدرت درخواست,CU,2022-03-15,24/12/1400
1418,حذف درخواست,CU,2022-03-16,25/12/1400
1419,تغییر کد ملی,CU,2022-03-16,25/12/1400
1420,ثبت,CU,2022-03-16,25/12/1400
1421,بایگانی درخواست,CU,2022-03-16,25/12/1400
1422,کمیسون,CU,2022-03-16,25/12/1400
1423,درخواست تغییر نام انشعاب درخواستی,CU,2022-03-16,25/12/1400
1424,عدم ثبت کد ملی درخواست,CU,2022-03-16,25/12/1400
1425,تایید هزینه انشعاب,CU,2022-03-16,25/12/1400
1426,تغییر نام درخواست,CU,2022-03-16,25/12/1400
1427,تغییرات درخواست,CU,2022-03-16,25/12/1400
1428,نصب درخواست,CU,2022-03-16,25/12/1400
1494,عدم امکان ایجاد سابقه,CU,2022-03-27,07/01/1401
1495,معافیت خرید مستقیم,CU,2022-03-27,07/01/1401
1496,کنتور,CU,2022-03-27,07/01/1401
1497,بایگانی درخواست,CU,2022-03-27,07/01/1401
1498,درخواست تایید خرید,CU,2022-03-27,07/01/1401
1499,جمع آوری درخواست,CU,2022-03-27,07/01/1401
1500,تغییر نام درخواست,CU,2022-03-27,07/01/1401
1501,ارسال لینک مستقیم,CU,2022-03-27,07/01/1401
1502,عدم ثبت افزایش آمپراژ,CU,2022-03-27,07/01/1401
1503,درخواست کابل,CU,2022-03-27,07/01/1401
1504,ثبت نماینده,CU,2022-03-27,07/01/1401
1505,ثبت معافیت,CU,2022-03-28,08/01/1401
1506,تغییرات درخواست,CU,2022-03-28,08/01/1401
1507,درخواست,CU,2022-03-28,08/01/1401
1508,درخواست خرید,CU,2022-03-28,08/01/1401
1509,خرید کنتور,CU,2022-03-28,08/01/1401
1510,جمع آوری درخواست,CU,2022-03-28,08/01/1401
1511,عدم ثبت افزایش آمپراژ,CU,2022-03-28,08/01/1401
1512,خطای عدم وجود اطلاعات,CU,2022-03-28,08/01/1401
1517,درخواست تغییر نام,CU,2022-03-30,10/01/1401
1518,بازگشت وجه کنتور,CU,2022-03-30,10/01/1401
1519,درخواست تغییر نام انشعاب درخواستی,CU,2022-03-30,10/01/1401
1520,بازگشت وجه انشعاب,CU,2022-03-30,10/01/1401
1521,معافیت خرید مستقیم,CU,2022-03-30,10/01/1401
1522,درخواست معافیت در خرید مستقیم,CU,2022-03-30,10/01/1401
1523,تغییرات قدرت درخواست,CU,2022-03-30,10/01/1401
1524,کمیسون,CU,2022-03-30,10/01/1401
1525,لینک ارسال مستقیم,CU,2022-03-30,10/01/1401
1554,درخواست تایید خرید,CU,2022-04-03,14/01/1401
1555,عدم امکان ارسال لینک,CU,2022-04-03,14/01/1401
1556,جا به جایی انشعاب,CU,2022-04-03,14/01/1401
1557,جمع آوری,CU,2022-04-03,14/01/1401
1558,درخواست خرید,CU,2022-04-03,14/01/1401
1559,اختصاص کابل,CU,2022-04-03,14/01/1401
1560,درخواست خرید,CU,2022-04-03,14/01/1401
1561,تغییر شماره تلفن,CU,2022-04-03,14/01/1401
1562,تغییر نام انشعاب,CU,2022-04-03,14/01/1401
1563,عدم امکان ارسال لینک,CU,2022-04-03,14/01/1401
1564,تعویض لوازم,CU,2022-04-03,14/01/1401
1565,نصب درخواست,CU,2022-04-03,14/01/1401
1566,شماره درخواست,CU,2022-04-04,15/01/1401
1567,درخواست تغییر نام,CU,2022-04-04,15/01/1401
1568,نصب درخواست,CU,2022-04-04,15/01/1401
1569,عدم امکان ارسال لینک,CU,2022-04-04,15/01/1401
1570,تایید هزینه انشعاب,CU,2022-04-04,15/01/1401
1571,درخواست تایید خرید,CU,2022-04-04,15/01/1401
1572,کنتور,CU,2022-04-04,15/01/1401
1573,تغییرات درخواست,CU,2022-04-04,15/01/1401
1574,خطای عدم وجود اطلاعات,CU,2022-04-04,15/01/1401
1575,کمیسون,CU,2022-04-04,15/01/1401
1576,تغییر در درخواست,CU,2022-04-04,15/01/1401
1577,جمع آوری,CU,2022-04-04,15/01/1401
1578,خطا درخواست,CU,2022-04-05,16/01/1401
1579,خطا در کد ملی,CU,2022-04-05,16/01/1401
1580,افزایش آمپراژ,CU,2022-04-05,16/01/1401
1581,ثبت نماینده,CU,2022-04-05,16/01/1401
1582,تغییر کد ملی,CU,2022-04-05,16/01/1401
1583,بایگانی درخواست,CU,2022-04-06,17/01/1401
1584,خطا درخواست,CU,2022-04-06,17/01/1401
1585,کنتور خریداری شده,CU,2022-04-06,17/01/1401
1586,تایید خرید,CU,2022-04-06,17/01/1401
1587,درخواست خرید,CU,2022-04-06,17/01/1401
1588,عدم تغییر در پیمانکار,CU,2022-04-06,17/01/1401
1601,عدم نمایش کنتور خریداری شده,CU,2022-04-09,20/01/1401
1602,درخواست کابل,CU,2022-04-09,20/01/1401
1603,خطای افزایش,CU,2022-04-09,20/01/1401
1604,لینک خرید مستقیم,CU,2022-04-09,20/01/1401
1605,ثبت نماینده,CU,2022-04-09,20/01/1401
1606,بازگشت از خرید کنتور,CU,2022-04-09,20/01/1401
1607,درخواست تغییر نام انشعاب درخواستی,CU,2022-04-09,20/01/1401
1608,تغییر نام انشعاب,CU,2022-04-10,21/01/1401
1609,عدم ثبت درخواست,CU,2022-04-10,21/01/1401
1610,معافیت خرید مستقیم,CU,2022-04-10,21/01/1401
1611,تایید خرید کنتور,CU,2022-04-10,21/01/1401
1612,تغییر شماره تلفن,CU,2022-04-11,22/01/1401
1613,تغییر نام در درخواست انشعاب,CU,2022-04-11,22/01/1401
1614,تغییر کد ملی,CU,2022-04-11,22/01/1401
1615,عدم ثبت کد ملی درخواست,CU,2022-04-11,22/01/1401
1616,درخواست تغییر نام انشعاب درخواستی,CU,2022-04-11,22/01/1401
1617,ثبت نماینده,CU,2022-04-11,22/01/1401
1618,خطای عدم وجود اطلاعات,CU,2022-04-11,22/01/1401
1619,عدم ثبت درخواست,CU,2022-04-11,22/01/1401
1620,درخواست خرید,CU,2022-04-12,23/01/1401
1621,تغییر نام انشعاب,CU,2022-04-12,23/01/1401
1622,بازگشت وجه انشعاب,CU,2022-04-12,23/01/1401
1623,معافیت در پرداخت هزینه انشعاب,CU,2022-04-12,23/01/1401
1624,ثبت نماینده,CU,2022-04-12,23/01/1401
1625,تغییر نام انشعاب,CU,2022-04-12,23/01/1401
1626,تغییرات قدرت درخواست,CU,2022-04-12,23/01/1401
1627,معافیت,CU,2022-04-12,23/01/1401
1628,تغییر نام,CU,2022-04-13,24/01/1401
1629,تغییر نام درخواست,CU,2022-04-13,24/01/1401
1630,خطا درخواست,CU,2022-04-13,24/01/1401
1631,عدم ثبت افزایش آمپراژ,CU,2022-04-13,24/01/1401
1632,بازگشت وجه کنتور,CU,2022-04-13,24/01/1401
1633,کمیسیون,CU,2022-04-13,24/01/1401
1634,جا به جایی انشعاب,CU,2022-04-13,24/01/1401
1635,خطای ثبت سابقه,CU,2022-04-13,24/01/1401
1646,خطا درخواست,CU,2022-04-16,27/01/1401
1647,کمیسیون,CU,2022-04-16,27/01/1401
1648,عدم امکان ثبت درخواست تعویض,CU,2022-04-16,27/01/1401
1649,عدم امکان تغییر درخواست,CU,2022-04-16,27/01/1401
1650,تغییرات قدرت درخواست,CU,2022-04-16,27/01/1401
1651,کمیسون,CU,2022-04-16,27/01/1401
1652,عدم موجودی کنتور,CU,2022-04-16,27/01/1401
1653,خطای عدم وجود اطلاعات,CU,2022-04-16,27/01/1401
1654,کد ملی اشتباه,CU,2022-04-16,27/01/1401
1655,ثبت,CU,2022-04-17,28/01/1401
1656,تغییر نماینده,CU,2022-04-17,28/01/1401
1657,درخواست خرید,CU,2022-04-17,28/01/1401
1658,معافیت,CU,2022-04-17,28/01/1401
1659,افزایش آمپراژ,CU,2022-04-17,28/01/1401
1660,جا به جایی انشعاب,CU,2022-04-17,28/01/1401
1661,تایید هزینه انشعاب,CU,2022-04-18,29/01/1401
1662,درخواست تغییر نام,CU,2022-04-18,29/01/1401
1663,لینک خرید مستقیم,CU,2022-04-18,29/01/1401
1664,جابه جایی,CU,2022-04-19,30/01/1401
1665,نصب درخواست,CU,2022-04-19,30/01/1401
1666,خطای افزایش,CU,2022-04-19,30/01/1401
1667,خرید کنتور توسط متقاضی,CU,2022-04-19,30/01/1401
1668,خطای افزایش,CU,2022-04-19,30/01/1401
1669,عدم تغییر در پیمانکار,CU,2022-04-19,30/01/1401
1670,جابه جایی کنتور,CU,2022-04-20,31/01/1401
1671,کمسیون طرح,CU,2022-04-20,31/01/1401
1672,جمع آوری هزینه انشعاب,CU,2022-04-20,31/01/1401
1673,عدم تغییر در پیمانکار,CU,2022-04-20,31/01/1401
1674,عدم امکان تغییر درخواست,CU,2022-04-20,31/01/1401
1675,درخواست تایید خرید,CU,2022-04-20,31/01/1401
1676,عدم امکان ایجاد سابقه,CU,2022-04-20,31/01/1401
1698,عدم امکان ارسال به نصب,CU,2022-04-24,04/02/1401
1699,خطای کد ملی,CU,2022-04-24,04/02/1401
1700,سامانه سنم,CU,2022-04-24,04/02/1401
1701,بازگشت وجه انشعاب,CU,2022-04-24,04/02/1401
1702,جابه جایی,CU,2022-04-24,04/02/1401
1703,ارسال لینک مستقیم,CU,2022-04-24,04/02/1401
1704,عدم تغییر در پیمانکار,CU,2022-04-24,04/02/1401
1705,خطای ایجاد سابقه,CU,2022-04-24,04/02/1401
1706,معافیت خرید مستقیم,CU,2022-04-24,04/02/1401
1707,تایید هزینه انشعاب,CU,2022-04-24,04/02/1401
1708,کنتور,CU,2022-04-24,04/02/1401
1709,عدم ثبت کد ملی درخواست,CU,2022-04-24,04/02/1401
1710,خطا درخواست,CU,2022-04-25,05/02/1401
1711,تایید خرید,CU,2022-04-25,05/02/1401
1712,عدم موجودی کنتور,CU,2022-04-26,06/02/1401
1713,فیش هزینه انشعاب,CU,2022-04-26,06/02/1401
1714,عدم امکان تغییر درخواست,CU,2022-04-26,06/02/1401
1715,اصلاح هزینه انشعاب,CU,2022-04-26,06/02/1401
1716,خرید کنتور,CU,2022-04-27,07/02/1401
1717,تایید معافیت,CU,2022-04-27,07/02/1401
1718,شماره درخواست,CU,2022-04-27,07/02/1401
1719,خطا در کد ملی,CU,2022-04-27,07/02/1401
1720,تغییرات,CU,2022-04-27,07/02/1401
1721,خطای ثبت سابقه,CU,2022-04-27,07/02/1401
1722,معافیت در پرداخت هزینه انشعاب,CU,2022-04-27,07/02/1401
1723,تغییر نام,CU,2022-04-27,07/02/1401
1724,تغییر تلفن,CU,2022-04-27,07/02/1401
1739,تغییر شماره تلفن,CU,2022-04-30,10/02/1401
1740,بازگشت هزینه کنتور,CU,2022-04-30,10/02/1401
1741,خرید کنتور,CU,2022-04-30,10/02/1401
1742,تغییر در درخواست,CU,2022-04-30,10/02/1401
1743,کاهش آمپراژ,CU,2022-04-30,10/02/1401
1744,خطا در کد ملی,CU,2022-04-30,10/02/1401
1745,عدم تغییر در پیمانکار,CU,2022-04-30,10/02/1401
1746,عدم ثبت اطلاعات تجهیز,CU,2022-04-30,10/02/1401
1747,درخواست خرید,CU,2022-04-30,10/02/1401
1748,تغییرات قدرت,CU,2022-04-30,10/02/1401
1749,عدم تغییر در پیمانکار,CU,2022-04-30,10/02/1401
1750,خطای ارسال نصب,CU,2022-04-30,10/02/1401
1751,کد ملی اشتباه,CU,2022-05-01,11/02/1401
1752,تعویض لوازم,CU,2022-05-01,11/02/1401
1753,تایید هزینه انشعاب,CU,2022-05-01,11/02/1401
1754,خطا درخواست,CU,2022-05-01,11/02/1401
1755,کابل انشعاب,CU,2022-05-01,11/02/1401
1756,معافیت در پرداخت هزینه انشعاب,CU,2022-05-01,11/02/1401
1757,نصب درخواست,CU,2022-05-02,12/02/1401
1758,حذف درخواست,CU,2022-05-02,12/02/1401
1759,خطا در کد ملی,CU,2022-05-02,12/02/1401
1760,خطای ارسال نصب,CU,2022-05-02,12/02/1401
1788,اصلاح هزینه انشعاب,CU,2022-05-07,17/02/1401
1789,جابه جایی,CU,2022-05-07,17/02/1401
1790,متقاضی خرید مستقیم,CU,2022-05-07,17/02/1401
1791,تغییر نماینده,CU,2022-05-07,17/02/1401
1792,توافق نامه,CU,2022-05-07,17/02/1401
1793,درخواست معافیت در خرید مستقیم,CU,2022-05-07,17/02/1401
1794,کمیسیون,CU,2022-05-07,17/02/1401
1795,تغییرات قدرت درخواست,CU,2022-05-08,18/02/1401
1796,ارسال لینک مستقیم,CU,2022-05-08,18/02/1401
1797,اختصاص کابل,CU,2022-05-08,18/02/1401
1798,تایید خرید کنتور,CU,2022-05-08,18/02/1401
1799,عدم امکان ارسال به نصب,CU,2022-05-08,18/02/1401
1800,کمیسیون,CU,2022-05-08,18/02/1401
1801,جابه جایی کنتور,CU,2022-05-08,18/02/1401
1802,متقاضی خرید مستقیم,CU,2022-05-08,18/02/1401
1803,تغییرات درخواست,CU,2022-05-08,18/02/1401
1804,تغیییر کمیسیون,CU,2022-05-09,19/02/1401
1805,تغیییر کمیسیون,CU,2022-05-09,19/02/1401
1806,متقاضی تعهد شرکت,CU,2022-05-09,19/02/1401
1807,تغییر نام درخواست,CU,2022-05-09,19/02/1401
1808,شماره درخواست,CU,2022-05-09,19/02/1401
1809,ثبت,CU,2022-05-09,19/02/1401
1810,خطای ایجاد سابقه,CU,2022-05-09,19/02/1401
1811,جمع آوری,CU,2022-05-09,19/02/1401
1812,جابه جایی تجهیزات,CU,2022-05-09,19/02/1401
1813,فیش,CU,2022-05-10,20/02/1401
1814,جمع آوری ,CU,2022-05-10,20/02/1401
1815,افزایش آمپراژ,CU,2022-05-10,20/02/1401
1816,تغییر تلفن,CU,2022-05-10,20/02/1401
1817,موجودی ناحیه,CU,2022-05-10,20/02/1401
1818,بازگشت وجه کنتور,CU,2022-05-10,20/02/1401
1819,عدم ثبت کد ملی,CU,2022-05-10,20/02/1401
1820,خرید کنتور توسط متقاضی,CU,2022-05-11,21/02/1401
1821,بازگشت از خرید کنتور,CU,2022-05-11,21/02/1401
1822,درخواست معافیت در خرید مستقیم,CU,2022-05-11,21/02/1401
1823,حذف درخواست,CU,2022-05-11,21/02/1401
1824,عدم ثبت افزایش آمپراژ,CU,2022-05-11,21/02/1401
1825,جابه جایی کنتور,CU,2022-05-11,21/02/1401
1826,خطای افزایش,CU,2022-05-11,21/02/1401
1827,فیش,CU,2022-05-11,21/02/1401
1839,تایید خرید,CU,2022-05-14,24/02/1401
1840,کد ملی اشتباه,CU,2022-05-14,24/02/1401
1841,کنتور,CU,2022-05-14,24/02/1401
1842,سامانه سنم,CU,2022-05-14,24/02/1401
1843,تایید معافیت کنتور,CU,2022-05-14,24/02/1401
1844,لینک خرید مستقیم,CU,2022-05-14,24/02/1401
1845,تغییر کد ملی,CU,2022-05-14,24/02/1401
1846,اختصاص کابل,CU,2022-05-14,24/02/1401
1847,خطای عدم وجود اطلاعات,CU,2022-05-14,24/02/1401
1848,کاهش آمپراژ,CU,2022-05-14,24/02/1401
1849,کمسیون طرح,CU,2022-05-14,24/02/1401
1850,کابل انشعاب,CU,2022-05-14,24/02/1401
1851,بازگشت وجه انشعاب,CU,2022-05-15,25/02/1401
1852,ثبت,CU,2022-05-15,25/02/1401
1853,جمع آوری هزینه انشعاب,CU,2022-05-15,25/02/1401
1854,عدم ثبت درخواست,CU,2022-05-15,25/02/1401
1855,درخواست خرید,CU,2022-05-15,25/02/1401
1856,کمیسون,CU,2022-05-15,25/02/1401
1857,عدم ثبت کد ملی,CU,2022-05-15,25/02/1401
1858,توافق نامه,CU,2022-05-15,25/02/1401
1859,بازگشت وجه انشعاب,CU,2022-05-15,25/02/1401
1860,خطای ایجاد سابقه,CU,2022-05-15,25/02/1401
1861,عدم ثبت کد ملی,CU,2022-05-15,25/02/1401
1862,خطای ارسال نصب,CU,2022-05-16,26/02/1401
1863,اصلاح هزینه انشعاب,CU,2022-05-16,26/02/1401
1864,عدم ثبت کد ملی درخواست,CU,2022-05-16,26/02/1401
1865,خطای ارسال نصب,CU,2022-05-16,26/02/1401
1866,نصب کنتور,CU,2022-05-16,26/02/1401
1867,تغییرات قدرت درخواست,CU,2022-05-16,26/02/1401
1868,کاهش آمپراژ,CU,2022-05-16,26/02/1401
1869,تایید خرید,CU,2022-05-17,27/02/1401
1870,تغییرات,CU,2022-05-17,27/02/1401
1871,درخواست تغییر نام انشعاب درخواستی,CU,2022-05-17,27/02/1401
1872,عدم ثبت افزایش آمپراژ,CU,2022-05-17,27/02/1401
1873,عدم ثبت درخواست,CU,2022-05-17,27/02/1401
1874,جابه جایی,CU,2022-05-17,27/02/1401
1875,تایید هزینه انشعاب,CU,2022-05-17,27/02/1401
1876,خطای عدم وجود اطلاعات,CU,2022-05-17,27/02/1401
1877,توافق نامه,CU,2022-05-17,27/02/1401
1878,اصلاح هزینه انشعاب,CU,2022-05-18,28/02/1401
1879,شماره درخواست,CU,2022-05-18,28/02/1401
1880,تایید هزینه انشعاب,CU,2022-05-18,28/02/1401
1881,کاهش آمپراژ,CU,2022-05-18,28/02/1401
1882,ثبت نماینده,CU,2022-05-18,28/02/1401
1883,جابه جایی,CU,2022-05-18,28/02/1401
1897,توافق نامه,CU,2022-05-21,31/02/1401
1898,اصلاح فیش ,CU,2022-05-21,31/02/1401
1899,توافق نامه,CU,2022-05-21,31/02/1401
1900,تغییر در درخواست,CU,2022-05-21,31/02/1401
1901,جمع آوری هزینه انشعاب,CU,2022-05-21,31/02/1401
1902,عدم موجودی کنتور,CU,2022-05-22,01/03/1401
1903,بازگشت وجه کنتور,CU,2022-05-22,01/03/1401
1904,تغییر در درخواست,CU,2022-05-22,01/03/1401
1905,تغییر نام,CU,2022-05-22,01/03/1401
1906,اصلاح هزینه انشعاب,CU,2022-05-23,02/03/1401
1907,تغییر نام انشعاب,CU,2022-05-23,02/03/1401
1908,بازگشت از خرید کنتور,CU,2022-05-23,02/03/1401
1909,اختصاص کابل,CU,2022-05-23,02/03/1401
1910,تعویض لوازم,CU,2022-05-23,02/03/1401
1911,جمع آوری ,CU,2022-05-23,02/03/1401
1912,تغییر نام درخواست,CU,2022-05-23,02/03/1401
1913,خطای تلفن,CU,2022-05-23,02/03/1401
1914,جا به جایی انشعاب,CU,2022-05-23,02/03/1401
1915,معافیت در پرداخت هزینه انشعاب,CU,2022-05-24,03/03/1401
1916,بازگشت وجه انشعاب,CU,2022-05-24,03/03/1401
1917,درخواست تغییر نام انشعاب درخواستی,CU,2022-05-24,03/03/1401
1918,فیش هزینه انشعاب,CU,2022-05-24,03/03/1401
1919,جا به جایی انشعاب,CU,2022-05-24,03/03/1401
1920,تایید خرید,CU,2022-05-24,03/03/1401
1921,ثبت معافیت,CU,2022-05-24,03/03/1401
1922,نصب انشعاب,CU,2022-05-24,03/03/1401
1923,تایید خرید کنتور,CU,2022-05-24,03/03/1401
1924,خطای ارسال نصب,CU,2022-05-24,03/03/1401
1925,درخواست تایید خرید,CU,2022-05-24,03/03/1401
1926,بازگشت از خرید کنتور,CU,2022-05-25,04/03/1401
1927,کابل انشعاب,CU,2022-05-25,04/03/1401
1928,درخواست,CU,2022-05-25,04/03/1401
1929,عدم امکان ارسال به نصب,CU,2022-05-25,04/03/1401
1930,اصلاح هزینه انشعاب,CU,2022-05-25,04/03/1401
1931,تایید هزینه انشعاب,CU,2022-05-25,04/03/1401
1932,تایید خرید,CU,2022-05-25,04/03/1401
1933,اصلاح هزینه انشعاب,CU,2022-05-25,04/03/1401
1934,کاهش آمپراژ,CU,2022-05-25,04/03/1401
1935,تغییر در درخواست,CU,2022-05-25,04/03/1401
1946,عدم ثبت درخواست,CU,2022-05-28,07/03/1401
1947,تغییر کد ملی,CU,2022-05-28,07/03/1401
1948,تغییر نام انشعاب,CU,2022-05-29,08/03/1401
1949,عدم امکان ایجاد سابقه,CU,2022-05-29,08/03/1401
1950,کنتور,CU,2022-05-29,08/03/1401
1951,خطای ایجاد سابقه,CU,2022-05-29,08/03/1401
1952,درخواست تغییر نام انشعاب درخواستی,CU,2022-05-29,08/03/1401
1953,خطای افزایش,CU,2022-05-29,08/03/1401
1954,تغیییر کمیسیون,CU,2022-05-30,09/03/1401
1955,ارسال لینک مستقیم,CU,2022-05-30,09/03/1401
1956,کنتور خریداری شده,CU,2022-05-30,09/03/1401
1957,متقاضی تعهد شرکت,CU,2022-05-30,09/03/1401
1958,کمیسون,CU,2022-05-30,09/03/1401
1959,درخواست خرید,CU,2022-05-31,10/03/1401
1960,درخواست خرید,CU,2022-05-31,10/03/1401
1961,جمع آوری ,CU,2022-05-31,10/03/1401
1962,عدم ثبت افزایش آمپراژ,CU,2022-05-31,10/03/1401
1963,بازگشت وجه انشعاب,CU,2022-05-31,10/03/1401
1964,جمع آوری درخواست,CU,2022-05-31,10/03/1401
1965,درخواست تایید خرید,CU,2022-05-31,10/03/1401
1966,متقاضی تعهد شرکت,CU,2022-05-31,10/03/1401
1967,تغییرات قدرت درخواست,CU,2022-06-01,11/03/1401
1968,جا به جایی انشعاب,CU,2022-06-01,11/03/1401
1969,کمیسیون,CU,2022-06-01,11/03/1401
1970,درخواست خرید,CU,2022-06-01,11/03/1401
1971,عدم ثبت درخواست,CU,2022-06-01,11/03/1401
1972,نصب کنتور,CU,2022-06-01,11/03/1401
1973,اصلاح هزینه انشعاب,CU,2022-06-01,11/03/1401
1974,بازگشت وجه کنتور,CU,2022-06-01,11/03/1401
2000,خطای تلفن,CU,2022-06-06,16/03/1401
2001,تغییر نام در درخواست انشعاب,CU,2022-06-06,16/03/1401
2002,کمسیون طرح,CU,2022-06-06,16/03/1401
2003,عدم امکان ارسال به نصب,CU,2022-06-06,16/03/1401
2004,خرید کنتور,CU,2022-06-06,16/03/1401
2005,فیش هزینه انشعاب,CU,2022-06-06,16/03/1401
2006,تغیییر کمیسیون,CU,2022-06-06,16/03/1401
2007,توافق نامه,CU,2022-06-07,17/03/1401
2008,افزایش آمپراژ,CU,2022-06-07,17/03/1401
2009,عدم نمایش کنتور خریداری شده,CU,2022-06-07,17/03/1401
2010,درخواست تایید خرید,CU,2022-06-07,17/03/1401
2011,بازگشت هزینه کنتور,CU,2022-06-07,17/03/1401
2012,تایید معافیت کنتور,CU,2022-06-07,17/03/1401
2013,تایید معافیت,CU,2022-06-07,17/03/1401
2014,تغییرات درخواست,CU,2022-06-07,17/03/1401
2015,عدم نمایش کنتور خریداری شده,CU,2022-06-08,18/03/1401
2016,تغیییر کمیسیون,CU,2022-06-08,18/03/1401
2017,تغییرات درخواست,CU,2022-06-08,18/03/1401
2018,عدم موجودی کنتور,CU,2022-06-08,18/03/1401
2019,ثبت,CU,2022-06-08,18/03/1401
2033,معافیت,CU,2022-06-11,21/03/1401
2034,جمع آوری ,CU,2022-06-11,21/03/1401
2035,تایید معافیت,CU,2022-06-11,21/03/1401
2036,تغییر نام در درخواست انشعاب,CU,2022-06-11,21/03/1401
2037,خطای افزایش,CU,2022-06-11,21/03/1401
2038,جمع آوری درخواست,CU,2022-06-11,21/03/1401
2039,نصب انشعاب,CU,2022-06-11,21/03/1401
2040,کنتور خریداری شده,CU,2022-06-11,21/03/1401
2041,متقاضی خرید مستقیم,CU,2022-06-12,22/03/1401
2042,جا به جایی انشعاب,CU,2022-06-12,22/03/1401
2043,درخواست تغییر نام,CU,2022-06-12,22/03/1401
2044,انشعاب,CU,2022-06-12,22/03/1401
2045,تغییر نماینده,CU,2022-06-12,22/03/1401
2046,موجودی ناحیه,CU,2022-06-13,23/03/1401
2047,درخواست تغییر نام انشعاب درخواستی,CU,2022-06-13,23/03/1401
2048,کمسیون طرح,CU,2022-06-13,23/03/1401
2049,جا به جایی انشعاب,CU,2022-06-13,23/03/1401
2050,عدم ثبت درخواست,CU,2022-06-13,23/03/1401
2051,جمع آوری ,CU,2022-06-13,23/03/1401
2052,عدم ثبت کد ملی,CU,2022-06-13,23/03/1401
2053,افزایش آمپراژ,CU,2022-06-13,23/03/1401
2054,تغییر نام درخواست,CU,2022-06-14,24/03/1401
2055,فیش هزینه انشعاب,CU,2022-06-14,24/03/1401
2056,کابل انشعاب,CU,2022-06-14,24/03/1401
2057,ثبت نماینده,CU,2022-06-14,24/03/1401
2058,عدم تغییر در پیمانکار,CU,2022-06-14,24/03/1401
2059,اختصاص کابل,CU,2022-06-14,24/03/1401
2060,تغییر نام درخواست,CU,2022-06-14,24/03/1401
2061,اختصاص کابل,CU,2022-06-15,25/03/1401
2062,عدم ثبت درخواست,CU,2022-06-15,25/03/1401
2074,عدم وجود کنتور,CU,2022-06-18,28/03/1401
2075,کابل انشعاب,CU,2022-06-18,28/03/1401
2076,تایید معافیت کنتور,CU,2022-06-18,28/03/1401
2077,تغیییر کمیسیون,CU,2022-06-18,28/03/1401
2078,اصلاح فیش ,CU,2022-06-18,28/03/1401
2079,تغییرات درخواست,CU,2022-06-19,29/03/1401
2080,کمیسیون,CU,2022-06-19,29/03/1401
2081,قیمت تجهیزات,CU,2022-06-19,29/03/1401
2082,خطای ثبت سابقه,CU,2022-06-19,29/03/1401
2083,تغییرات قدرت درخواست,CU,2022-06-19,29/03/1401
2084,شماره درخواست,CU,2022-06-19,29/03/1401
2085,درخواست تغییر نام انشعاب درخواستی,CU,2022-06-20,30/03/1401
2086,عدم موجودی کنتور,CU,2022-06-20,30/03/1401
2087,عدم ثبت کد ملی درخواست,CU,2022-06-20,30/03/1401
2088,حذف درخواست,CU,2022-06-20,30/03/1401
2089,بازگشت از خرید کنتور,CU,2022-06-20,30/03/1401
2090,تغییرات درخواست,CU,2022-06-20,30/03/1401
2091,سامانه سنم,CU,2022-06-21,31/03/1401
2092,تغییر تلفن,CU,2022-06-21,31/03/1401
2093,انشعاب,CU,2022-06-21,31/03/1401
2094,خطای عدم وجود اطلاعات,CU,2022-06-21,31/03/1401
2095,جابه جایی تجهیزات,CU,2022-06-21,31/03/1401
2096,فیش,CU,2022-06-22,01/04/1401
2097,تغییرات درخواست,CU,2022-06-22,01/04/1401
2098,درخواست,CU,2022-06-22,01/04/1401
2099,عدم وجود کنتور,CU,2022-06-22,01/04/1401
2113,عدم ثبت کد ملی,CU,2022-06-25,04/04/1401
2114,عدم ثبت افزایش آمپراژ,CU,2022-06-25,04/04/1401
2115,عدم ثبت اطلاعات تجهیز,CU,2022-06-25,04/04/1401
2116,تغییر نام,CU,2022-06-25,04/04/1401
2117,عدم تغییر در پیمانکار,CU,2022-06-25,04/04/1401
2118,تغییر نام,CU,2022-06-25,04/04/1401
2119,اصلاح فیش ,CU,2022-06-25,04/04/1401
2120,جابه جایی,CU,2022-06-25,04/04/1401
2121,تایید معافیت کنتور,CU,2022-06-25,04/04/1401
2122,خطای ارسال نصب,CU,2022-06-25,04/04/1401
2123,لینک خرید مستقیم,CU,2022-06-26,05/04/1401
2124,تغییرات درخواست,CU,2022-06-26,05/04/1401
2125,تغیییر کمیسیون,CU,2022-06-26,05/04/1401
2126,بازگشت وجه کنتور,CU,2022-06-26,05/04/1401
2127,خرید کنتور,CU,2022-06-26,05/04/1401
2128,درخواست معافیت در خرید مستقیم,CU,2022-06-26,05/04/1401
2129,خرید کنتور,CU,2022-06-26,05/04/1401
2130,نصب انشعاب,CU,2022-06-26,05/04/1401
2131,کمیسون,CU,2022-06-26,05/04/1401
2132,عدم ثبت درخواست,CU,2022-06-27,06/04/1401
2133,درخواست خرید,CU,2022-06-27,06/04/1401
2134,کد ملی اشتباه,CU,2022-06-27,06/04/1401
2135,جمع آوری,CU,2022-06-27,06/04/1401
2136,عدم ثبت افزایش آمپراژ,CU,2022-06-27,06/04/1401
2137,معافیت خرید مستقیم,CU,2022-06-27,06/04/1401
2138,موجودی ناحیه,CU,2022-06-28,07/04/1401
2139,شماره درخواست,CU,2022-06-28,07/04/1401
2140,ثبت معافیت,CU,2022-06-28,07/04/1401
2141,تغییر در درخواست,CU,2022-06-28,07/04/1401
2142,موجودی ناحیه,CU,2022-06-29,08/04/1401
2143,اختصاص کابل,CU,2022-06-29,08/04/1401
2144,تغییر شماره تلفن,CU,2022-06-29,08/04/1401
2145,جمع آوری هزینه انشعاب,CU,2022-06-29,08/04/1401
2146,تغییر شماره تلفن,CU,2022-06-29,08/04/1401
2147,کد ملی اشتباه,CU,2022-06-29,08/04/1401
2163,عدم امکان ایجاد سابقه,CU,2022-07-02,11/04/1401
2164,خطای تلفن,CU,2022-07-02,11/04/1401
2165,بازگشت وجه کنتور,CU,2022-07-02,11/04/1401
2166,تغییر نام,CU,2022-07-02,11/04/1401
2167,درخواست معافیت در خرید مستقیم,CU,2022-07-02,11/04/1401
2168,متقاضی تعهد شرکت,CU,2022-07-02,11/04/1401
2169,تغییر نام انشعاب,CU,2022-07-02,11/04/1401
2170,درخواست خرید,CU,2022-07-03,12/04/1401
2171,تغییر شماره تلفن,CU,2022-07-03,12/04/1401
2172,جمع آوری ,CU,2022-07-03,12/04/1401
2173,درخواست تغییر نام,CU,2022-07-03,12/04/1401
2174,تغییر شماره تلفن,CU,2022-07-03,12/04/1401
2175,جمع آوری هزینه انشعاب,CU,2022-07-03,12/04/1401
2176,متقاضی تعهد شرکت,CU,2022-07-03,12/04/1401
2177,بازگشت وجه انشعاب,CU,2022-07-03,12/04/1401
2178,عدم ثبت افزایش آمپراژ,CU,2022-07-03,12/04/1401
2179,بازگشت وجه انشعاب,CU,2022-07-03,12/04/1401
2180,کابل انشعاب,CU,2022-07-03,12/04/1401
2181,تغییرات قدرت,CU,2022-07-03,12/04/1401
2182,خطا درخواست,CU,2022-07-03,12/04/1401
2183,درخواست کابل,CU,2022-07-03,12/04/1401
2184,بایگانی درخواست,CU,2022-07-03,12/04/1401
2185,خطای تلفن,CU,2022-07-04,13/04/1401
2186,بایگانی درخواست,CU,2022-07-04,13/04/1401
2187,عدم موجودی کنتور,CU,2022-07-04,13/04/1401
2188,کاهش آمپراژ,CU,2022-07-04,13/04/1401
2189,عدم امکان ارسال لینک,CU,2022-07-04,13/04/1401
2190,موجودی ناحیه,CU,2022-07-04,13/04/1401
2191,نصب درخواست,CU,2022-07-04,13/04/1401
2192,درخواست خرید,CU,2022-07-04,13/04/1401
2193,ثبت معافیت,CU,2022-07-05,14/04/1401
2194,بازگشت از خرید کنتور,CU,2022-07-05,14/04/1401
2195,تغیییر کمیسیون,CU,2022-07-05,14/04/1401
2196,بازگشت وجه کنتور,CU,2022-07-05,14/04/1401
2197,درخواست تایید خرید,CU,2022-07-05,14/04/1401
2198,عدم امکان ارسال لینک,CU,2022-07-06,15/04/1401
2199,عدم ثبت اطلاعات تجهیز,CU,2022-07-06,15/04/1401
2200,تغییر نام,CU,2022-07-06,15/04/1401
2218,خطای عدم وجود اطلاعات,CU,2022-07-09,18/04/1401
2219,معافیت,CU,2022-07-09,18/04/1401
2220,قیمت تجهیزات,CU,2022-07-09,18/04/1401
2221,تغییرات درخواست,CU,2022-07-09,18/04/1401
2222,درخواست تغییر نام,CU,2022-07-09,18/04/1401
2223,افزایش آمپراژ,CU,2022-07-09,18/04/1401
2224,بایگانی درخواست,CU,2022-07-09,18/04/1401
2225,خطای عدم وجود اطلاعات,CU,2022-07-09,18/04/1401
2226,اصلاح هزینه انشعاب,CU,2022-07-09,18/04/1401
2227,افزایش آمپراژ,CU,2022-07-09,18/04/1401
2238,کنتور خریداری شده,CU,2022-07-11,20/04/1401
2239,لینک خرید مستقیم,CU,2022-07-11,20/04/1401
2240,متقاضی خرید مستقیم,CU,2022-07-11,20/04/1401
2241,عدم ثبت افزایش آمپراژ,CU,2022-07-11,20/04/1401
2242,عدم ثبت اطلاعات تجهیز,CU,2022-07-11,20/04/1401
2243,درخواست کابل,CU,2022-07-11,20/04/1401
2244,ثبت,CU,2022-07-11,20/04/1401
2245,تغییر کد ملی,CU,2022-07-11,20/04/1401
2246,خطای افزایش,CU,2022-07-12,21/04/1401
2247,عدم امکان ارسال به نصب,CU,2022-07-12,21/04/1401
2248,عدم تغییر در پیمانکار,CU,2022-07-12,21/04/1401
2249,ثبت معافیت,CU,2022-07-12,21/04/1401
2250,عدم امکان تغییر درخواست,CU,2022-07-12,21/04/1401
2251,کابل انشعاب,CU,2022-07-12,21/04/1401
2252,نصب انشعاب,CU,2022-07-12,21/04/1401
2253,جمع آوری,CU,2022-07-12,21/04/1401
2254,خطای ایجاد سابقه,CU,2022-07-13,22/04/1401
2255,کابل انشعاب,CU,2022-07-13,22/04/1401
2256,متقاضی خرید مستقیم,CU,2022-07-13,22/04/1401
2265,عدم ثبت کد ملی,CU,2022-07-15,24/04/1401
2266,جا به جایی انشعاب,CU,2022-07-15,24/04/1401
2267,توافق نامه,CU,2022-07-15,24/04/1401
2268,بازگشت از خرید کنتور,CU,2022-07-15,24/04/1401
2269,عدم ثبت اطلاعات تجهیز,CU,2022-07-15,24/04/1401
2270,معافیت در پرداخت هزینه انشعاب,CU,2022-07-15,24/04/1401
2271,درخواست تغییر نام انشعاب درخواستی,CU,2022-07-15,24/04/1401
2272,خطای افزایش,CU,2022-07-15,24/04/1401
2273,عدم ثبت کد ملی,CU,2022-07-16,25/04/1401
2274,خطای تلفن,CU,2022-07-16,25/04/1401
2275,تغییرات,CU,2022-07-16,25/04/1401
2276,سامانه سنم,CU,2022-07-16,25/04/1401
2277,عدم امکان ارسال لینک,CU,2022-07-16,25/04/1401
2278,خرید کنتور,CU,2022-07-16,25/04/1401
2279,جمع آوری ,CU,2022-07-17,26/04/1401
2280,افزایش آمپراژ,CU,2022-07-17,26/04/1401
2281,درخواست تایید خرید,CU,2022-07-17,26/04/1401
2291,عدم امکان ثبت درخواست تعویض,CU,2022-07-19,28/04/1401
2292,خطای کد ملی,CU,2022-07-19,28/04/1401
2293,کمسیون طرح,CU,2022-07-19,28/04/1401
2294,متقاضی خرید مستقیم,CU,2022-07-19,28/04/1401
2295,جابه جایی تجهیزات,CU,2022-07-19,28/04/1401
2296,جابه جایی,CU,2022-07-19,28/04/1401
2297,خطای ارسال نصب,CU,2022-07-19,28/04/1401
2298,عدم امکان ارسال به نصب,CU,2022-07-19,28/04/1401
2299,تغییر شماره تلفن,CU,2022-07-19,28/04/1401
2300,عدم وجود کنتور,CU,2022-07-20,29/04/1401
2301,اصلاح هزینه انشعاب,CU,2022-07-20,29/04/1401
2302,جابه جایی تجهیزات,CU,2022-07-20,29/04/1401
2303,بایگانی درخواست,CU,2022-07-20,29/04/1401
2304,جمع آوری درخواست,CU,2022-07-20,29/04/1401
2305,جابه جایی کنتور,CU,2022-07-20,29/04/1401
2306,تغییر نام,CU,2022-07-20,29/04/1401
2307,عدم امکان ثبت درخواست تعویض,CU,2022-07-20,29/04/1401
2324,ثبت معافیت,CU,2022-07-23,01/05/1401
2325,عدم امکان ایجاد سابقه,CU,2022-07-23,01/05/1401
2326,درخواست تایید خرید,CU,2022-07-23,01/05/1401
2327,خطای ثبت سابقه,CU,2022-07-23,01/05/1401
2328,عدم تغییر در پیمانکار,CU,2022-07-23,01/05/1401
2329,خطای تلفن,CU,2022-07-24,02/05/1401
2330,شماره درخواست,CU,2022-07-24,02/05/1401
2331,عدم امکان ارسال به نصب,CU,2022-07-24,02/05/1401
2332,حذف درخواست,CU,2022-07-25,03/05/1401
2333,لینک ارسال مستقیم,CU,2022-07-25,03/05/1401
2334,لینک خرید مستقیم,CU,2022-07-25,03/05/1401
2335,خطای افزایش,CU,2022-07-25,03/05/1401
2336,عدم موجودی کنتور,CU,2022-07-25,03/05/1401
2337,ثبت نماینده,CU,2022-07-25,03/05/1401
2338,جمع آوری درخواست,CU,2022-07-26,04/05/1401
2339,جمع آوری درخواست,CU,2022-07-26,04/05/1401
2340,عدم امکان ارسال به نصب,CU,2022-07-26,04/05/1401
2341,کد ملی اشتباه,CU,2022-07-26,04/05/1401
2342,متقاضی تعهد شرکت,CU,2022-07-26,04/05/1401
2343,تغییر نماینده,CU,2022-07-26,04/05/1401
2344,کمیسون,CU,2022-07-26,04/05/1401
2345,عدم وجود کنتور,CU,2022-07-26,04/05/1401
2346,اختصاص کابل,CU,2022-07-26,04/05/1401
2347,موجودی ناحیه,CU,2022-07-27,05/05/1401
2348,عدم نمایش کنتور خریداری شده,CU,2022-07-27,05/05/1401
2349,قیمت تجهیزات,CU,2022-07-27,05/05/1401
2350,تغییر نام انشعاب,CU,2022-07-27,05/05/1401
2351,خرید کنتور توسط متقاضی,CU,2022-07-27,05/05/1401
2352,عدم نمایش کنتور خریداری شده,CU,2022-07-27,05/05/1401
2353,اصلاح فیش ,CU,2022-07-27,05/05/1401
2354,تایید معافیت,CU,2022-07-27,05/05/1401
2375,عدم امکان ثبت درخواست تعویض,CU,2022-07-30,08/05/1401
2376,کمیسون,CU,2022-07-30,08/05/1401
2377,خرید کنتور توسط متقاضی,CU,2022-07-31,09/05/1401
2378,تغییر نام,CU,2022-07-31,09/05/1401
2379,جمع آوری درخواست,CU,2022-08-01,10/05/1401
2380,ثبت نماینده,CU,2022-08-01,10/05/1401
2381,عدم ثبت کد ملی درخواست,CU,2022-08-01,10/05/1401
2382,تغییرات قدرت درخواست,CU,2022-08-01,10/05/1401
2383,جمع آوری هزینه انشعاب,CU,2022-08-02,11/05/1401
2384,تغیییر کمیسیون,CU,2022-08-02,11/05/1401
2385,معافیت در پرداخت هزینه انشعاب,CU,2022-08-02,11/05/1401
2386,عدم موجودی کنتور,CU,2022-08-02,11/05/1401
2387,کاهش آمپراژ,CU,2022-08-02,11/05/1401
2388,عدم امکان ثبت درخواست تعویض,CU,2022-08-02,11/05/1401
2389,تایید معافیت,CU,2022-08-02,11/05/1401
2390,تعویض لوازم,CU,2022-08-02,11/05/1401
2391,تغییر تلفن,CU,2022-08-03,12/05/1401
2392,ثبت,CU,2022-08-03,12/05/1401
2393,تغییر تلفن,CU,2022-08-03,12/05/1401
2394,جمع آوری,CU,2022-08-03,12/05/1401
2395,خطای افزایش,CU,2022-08-03,12/05/1401
2396,نصب درخواست,CU,2022-08-03,12/05/1401
2431,تغییرات,CU,2022-08-09,18/05/1401
2432,تغییر در درخواست,CU,2022-08-09,18/05/1401
2433,عدم ثبت کد ملی,CU,2022-08-09,18/05/1401
2434,کمیسیون,CU,2022-08-09,18/05/1401
2435,کمیسیون,CU,2022-08-09,18/05/1401
2436,تغییر نام درخواست,CU,2022-08-09,18/05/1401
2437,نصب کنتور,CU,2022-08-09,18/05/1401
2438,لینک ارسال مستقیم,CU,2022-08-09,18/05/1401
2439,جابه جایی,CU,2022-08-10,19/05/1401
2440,درخواست تایید خرید,CU,2022-08-10,19/05/1401
2441,تایید معافیت کنتور,CU,2022-08-10,19/05/1401
2442,بایگانی درخواست,CU,2022-08-10,19/05/1401
2443,موجودی ناحیه,CU,2022-08-10,19/05/1401
2444,خطا درخواست,CU,2022-08-10,19/05/1401
2445,خطا در کد ملی,CU,2022-08-10,19/05/1401
2460,ثبت معافیت,CU,2022-08-13,22/05/1401
2461,تغیییر کمیسیون,CU,2022-08-13,22/05/1401
2462,ثبت نماینده,CU,2022-08-13,22/05/1401
2463,درخواست تایید خرید,CU,2022-08-13,22/05/1401
2464,لینک خرید مستقیم,CU,2022-08-13,22/05/1401
2465,خطای ثبت سابقه,CU,2022-08-13,22/05/1401
2466,عدم تغییر در پیمانکار,CU,2022-08-13,22/05/1401
2467,خرید کنتور توسط متقاضی,CU,2022-08-13,22/05/1401
2468,خطا در کد ملی,CU,2022-08-13,22/05/1401
2469,ثبت معافیت,CU,2022-08-14,23/05/1401
2470,کنتور خریداری شده,CU,2022-08-14,23/05/1401
2471,عدم امکان ارسال به نصب,CU,2022-08-14,23/05/1401
2472,درخواست,CU,2022-08-14,23/05/1401
2473,اختصاص کابل,CU,2022-08-14,23/05/1401
2474,جمع آوری هزینه انشعاب,CU,2022-08-14,23/05/1401
2475,تغییر در درخواست,CU,2022-08-14,23/05/1401
2476,حذف درخواست,CU,2022-08-15,24/05/1401
2477,افزایش آمپراژ,CU,2022-08-15,24/05/1401
2478,شماره درخواست,CU,2022-08-15,24/05/1401
2479,درخواست تغییر نام انشعاب درخواستی,CU,2022-08-15,24/05/1401
2480,عدم موجودی کنتور,CU,2022-08-16,25/05/1401
2481,خطا در کد ملی,CU,2022-08-16,25/05/1401
2482,خرید کنتور توسط متقاضی,CU,2022-08-16,25/05/1401
2483,تغییر در درخواست,CU,2022-08-16,25/05/1401
2484,لینک خرید مستقیم,CU,2022-08-16,25/05/1401
2485,افزایش آمپراژ,CU,2022-08-16,25/05/1401
2486,تغییر در درخواست,CU,2022-08-16,25/05/1401
2487,تغییر نام در درخواست انشعاب,CU,2022-08-16,25/05/1401
2488,تایید هزینه انشعاب,CU,2022-08-16,25/05/1401
2489,کنتور,CU,2022-08-16,25/05/1401
2490,درخواست تایید خرید,CU,2022-08-16,25/05/1401
2491,عدم ثبت درخواست,CU,2022-08-16,25/05/1401
2492,بازگشت از خرید کنتور,CU,2022-08-17,26/05/1401
2493,جابه جایی,CU,2022-08-17,26/05/1401
2494,سامانه سنم,CU,2022-08-17,26/05/1401
2495,تغییرات درخواست,CU,2022-08-17,26/05/1401
2496,نصب کنتور,CU,2022-08-17,26/05/1401
2497,معافیت در پرداخت هزینه انشعاب,CU,2022-08-17,26/05/1401
2498,درخواست تغییر نام انشعاب درخواستی,CU,2022-08-17,26/05/1401
2512,خطای ارسال نصب,CU,2022-08-20,29/05/1401
2513,درخواست کابل,CU,2022-08-20,29/05/1401
2514,جا به جایی انشعاب,CU,2022-08-20,29/05/1401
2515,اختصاص کابل,CU,2022-08-20,29/05/1401
2516,اختصاص کابل,CU,2022-08-21,30/05/1401
2517,تایید هزینه انشعاب,CU,2022-08-21,30/05/1401
2518,خطای ایجاد سابقه,CU,2022-08-21,30/05/1401
2519,عدم امکان ثبت درخواست تعویض,CU,2022-08-21,30/05/1401
2520,تغییرات درخواست,CU,2022-08-21,30/05/1401
2521,خطای ثبت سابقه,CU,2022-08-21,30/05/1401
2522,خطای عدم وجود اطلاعات,CU,2022-08-22,31/05/1401
2523,کابل انشعاب,CU,2022-08-22,31/05/1401
2524,عدم امکان تغییر درخواست,CU,2022-08-22,31/05/1401
2525,معافیت,CU,2022-08-22,31/05/1401
2526,اصلاح هزینه انشعاب,CU,2022-08-22,31/05/1401
2527,ثبت,CU,2022-08-22,31/05/1401
2528,تایید هزینه انشعاب,CU,2022-08-22,31/05/1401
2529,کمسیون طرح,CU,2022-08-23,01/06/1401
2530,بایگانی درخواست,CU,2022-08-23,01/06/1401
2531,جا به جایی انشعاب,CU,2022-08-23,01/06/1401
2532,نصب کنتور,CU,2022-08-23,01/06/1401
2533,لینک ارسال مستقیم,CU,2022-08-23,01/06/1401
2534,بازگشت هزینه کنتور,CU,2022-08-23,01/06/1401
2535,عدم وجود کنتور,CU,2022-08-23,01/06/1401
2536,درخواست تغییر نام انشعاب درخواستی,CU,2022-08-24,02/06/1401
